Album,Artist,Track ID,Track Name,Track URI,acousticness,danceability,popularity,speechiness,valence,liveness,instrumentalness,mode,energy
Pigeons & Planes presents: See You Next Year 2,Kenny Mason,1P2ugR200fs2J3ASKUAIMg,Bob Dylan Bus (feat. King Isis),spotify:track:1P2ugR200fs2J3ASKUAIMg,0.111,0.491,48,0.0432,0.644,0.59,0.159,1,0.41
MERCEDES (feat. Oscar Maydon),Becky G,0pkiYzXyU58nKV74xsAuwW,MERCEDES (feat. Oscar Maydon),spotify:track:0pkiYzXyU58nKV74xsAuwW,0.383,0.762,31,0.0331,0.934,0.216,3.85E-6,0,0.815
Through the Smoke,Nate Smith,5Rhs0uawH5KuifdWtphGN2,Wish I Never Felt,spotify:track:5Rhs0uawH5KuifdWtphGN2,9.82E-4,0.595,63,0.0312,0.537,0.137,0.0,1,0.788
COWBOY CARTER,Beyoncé,3wcZlxfu4i6TROB5YV83wh,THE LINDA MARTELL SHOW,spotify:track:3wcZlxfu4i6TROB5YV83wh,0.781,0.489,48,0.917,0.925,0.93,0.0,0,0.556
genre : sadboy,mgk,4kXOuF3EGVS3YGrpbfdT3n,beauty,spotify:track:4kXOuF3EGVS3YGrpbfdT3n,0.0354,0.762,73,0.0342,0.291,0.096,2.86E-5,0,0.693
COWBOY CARTER,Beyoncé,2UDARQiksl207HcSduDpov,LEVII'S JEANS,spotify:track:2UDARQiksl207HcSduDpov,0.302,0.755,84,0.0359,0.325,0.121,2.71E-6,1,0.43
garage sale,BETWEEN FRIENDS,7kPmopA5z3fOIyxhC6TgmE,Drive over me,spotify:track:7kPmopA5z3fOIyxhC6TgmE,0.0228,0.674,"",0.0647,0.773,0.348,0.0,1,0.894
COWBOY CARTER,Beyoncé,1LSWDkZxVngIpfjvMs6Q56,ALLIIGATOR TEARS,spotify:track:1LSWDkZxVngIpfjvMs6Q56,0.202,0.618,81,0.0822,0.656,0.237,0.0,1,0.651
genre : sadboy,mgk,4D8EGc1HnJRnrbFWujFDyY,struggles,spotify:track:4D8EGc1HnJRnrbFWujFDyY,0.0945,0.822,69,0.0279,0.489,0.333,0.0,1,0.643
Silence Is Loud,Nia Archives,79fu6pXCo48UYgKtvavzDI,Unfinished Business,spotify:track:79fu6pXCo48UYgKtvavzDI,0.0171,0.568,"",0.181,0.534,0.101,8.67E-4,1,0.876
"NASHVILLE, TENNESSEE",ERNEST,1rfAfRlb5Rizxxt175uUME,Dollar To Cash,spotify:track:1rfAfRlb5Rizxxt175uUME,0.0679,0.571,"",0.027,0.585,0.218,8.39E-5,1,0.754
Scarlet 2 CLAUDE,Doja Cat,6BUyevrKUVyXwk1kRMFEU0,Shutcho,spotify:track:6BUyevrKUVyXwk1kRMFEU0,0.0343,0.763,54,0.11,0.409,0.132,0.0,1,0.441
Addicted,Zerb,5ZUIPLoTLJZrPQh2kFZEUM,Addicted,spotify:track:5ZUIPLoTLJZrPQh2kFZEUM,0.0512,0.755,77,0.044,0.236,0.11,0.0,0,0.806
Where The Joy Is,We Are Messengers,5k4btpQ7fP5pJLbZasIbd1,How Great You Are,spotify:track:5k4btpQ7fP5pJLbZasIbd1,7.76E-4,0.635,33,0.0313,0.379,0.119,2.68E-5,1,0.77
Way Out Here,Riley Green,2UzdgpZgL41ZkT3TUnNZPr,Good Morning From Mexico,spotify:track:2UzdgpZgL41ZkT3TUnNZPr,0.0356,0.592,"",0.0338,0.421,0.152,1.17E-5,1,0.636
Papercuts,Linkin Park,6h1BS898UVV4VXswVVtPSt,Leave Out All The Rest,spotify:track:6h1BS898UVV4VXswVVtPSt,0.278,0.505,"",0.0354,0.216,0.295,3.17E-6,1,0.626
dos,Camilo,0rXhP1OBNTTMwrfSOzKX7U,Autodiagnóstico,spotify:track:0rXhP1OBNTTMwrfSOzKX7U,0.452,0.697,64,0.0445,0.845,0.476,0.0,1,0.628
Papercuts,Linkin Park,0IgCDTxN2YmfyQ1EoPepLn,One More Light,spotify:track:0IgCDTxN2YmfyQ1EoPepLn,0.889,0.429,"",0.0408,0.169,0.0891,0.0,1,0.207
Found Heaven,Conan Gray,4FI4Q60N6SXFvBl5OaJ0a2,Forever With Me,spotify:track:4FI4Q60N6SXFvBl5OaJ0a2,0.38,0.436,65,0.0308,0.108,0.0751,0.0,1,0.677
Bad For Me,Chayce Beckham,4xl9V1XRkO4AYAhsuolkKs,Something Worth Holding On To,spotify:track:4xl9V1XRkO4AYAhsuolkKs,0.045,0.412,35,0.0278,0.376,0.118,0.0,1,0.654
Bryson Tiller,Bryson Tiller,4bpuF6xenrFjMLA9tfKuc7,Stay Gold,spotify:track:4bpuF6xenrFjMLA9tfKuc7,0.0814,0.469,65,0.402,0.232,0.0856,0.0,0,0.738
A LA SALA,Khruangbin,4fG70GdfEBkQhH6VgTzK5r,Todavía Viva,spotify:track:4fG70GdfEBkQhH6VgTzK5r,0.168,0.676,62,0.0408,0.631,0.653,0.82,0,0.472
Bryson Tiller,Bryson Tiller,7iOrxO0nc8QANh6dNlyoEk,F4U,spotify:track:7iOrxO0nc8QANh6dNlyoEk,0.00425,0.607,60,0.218,0.337,0.357,0.0,1,0.793
11:11 (Deluxe),Chris Brown,6iikKO4UY8K4Idcnb6caCq,Views,spotify:track:6iikKO4UY8K4Idcnb6caCq,0.0477,0.715,18,0.0832,0.395,0.158,0.0,1,0.532
FINAL (Vol.2),Enrique Iglesias,3STeVMkI2wUomHxbbEOpFB,Espacio en Tu Corazón,spotify:track:3STeVMkI2wUomHxbbEOpFB,0.687,0.644,47,0.0282,0.291,0.0983,1.41E-4,1,0.511
Found Heaven,Conan Gray,52jyBtCB2MJT7U3DDo6Brj,Fainted Love,spotify:track:52jyBtCB2MJT7U3DDo6Brj,0.0216,0.629,70,0.0308,0.394,0.352,1.29E-5,1,0.743
Bryson Tiller,Bryson Tiller,229q3X3autIWuKpy35auRu,Peace Interlude,spotify:track:229q3X3autIWuKpy35auRu,0.248,0.432,65,0.106,0.297,0.253,1.46E-5,1,0.315
Silence Is Loud,Nia Archives,0IfMZi6EbntVOLwg4qASqH,Blind Devotion,spotify:track:0IfMZi6EbntVOLwg4qASqH,0.00727,0.561,"",0.0399,0.54,0.278,9.01E-4,1,0.818
The 502s,The 502s,0E4YZoaoKhRcEcFzWzZQWv,Mother's Kind Of Love,spotify:track:0E4YZoaoKhRcEcFzWzZQWv,0.732,0.821,"",0.0436,0.352,0.087,2.87E-5,1,0.492
Mary Boone,Vampire Weekend,7s1fITm4o4G2Qz8djIrYVU,Classical,spotify:track:7s1fITm4o4G2Qz8djIrYVU,0.0614,0.333,53,0.0364,0.416,0.359,7.28E-4,1,0.766
Might Delete Later,J. Cole,5RMTsrJkrtumtiIZjy7dL6,H.Y.B. (feat. Bas & Central Cee),spotify:track:5RMTsrJkrtumtiIZjy7dL6,0.366,0.775,79,0.297,0.309,0.117,0.0,0,0.491
Locked Up,Sam Hunt,5A1WGS4GA1XKmC7Qm362Vl,Last Hurrah,spotify:track:5A1WGS4GA1XKmC7Qm362Vl,0.873,0.52,49,0.0333,0.142,0.138,0.0,1,0.483
Townie,X Ambassadors,0Np34uzd2oP17sO73NTLM3,I'm Not Really Here,spotify:track:0Np34uzd2oP17sO73NTLM3,0.0134,0.705,43,0.0332,0.827,0.36,0.623,1,0.832
I'M DOING IT AGAIN BABY!,girl in red,0tduSYti0mY7p8j5AIO4Pg,I'm Back,spotify:track:0tduSYti0mY7p8j5AIO4Pg,0.919,0.584,"",0.0379,0.348,0.0952,0.00112,1,0.463
Townie,X Ambassadors,4y5lApjfksaQ35CdhVjvL5,Sunoco,spotify:track:4y5lApjfksaQ35CdhVjvL5,0.766,0.489,46,0.0303,0.111,0.149,2.31E-5,1,0.492
Mood Swings,Marcus King,0Jw0GvrJl8QIvY28wjAkdY,F*ck My Life Up Again,spotify:track:0Jw0GvrJl8QIvY28wjAkdY,0.284,0.419,47,0.059,0.558,0.114,2.17E-4,0,0.569
Papercuts,Linkin Park,6BvvBikUMSszvczjfRN3WJ,BURN IT DOWN,spotify:track:6BvvBikUMSszvczjfRN3WJ,0.0127,0.578,"",0.0507,0.562,0.153,0.0,0,0.971
favorite,Isabel LaRosa,3QJsSWa0Xo8MfaRn1gr4Be,favorite,spotify:track:3QJsSWa0Xo8MfaRn1gr4Be,0.00323,0.726,80,0.0779,0.625,0.0905,0.003,0,0.652
You Promised A Lifetime,Myles Smith,1zZhYrijmoqd20mKOlTOZP,Behind,spotify:track:1zZhYrijmoqd20mKOlTOZP,0.153,0.592,47,0.0397,0.52,0.266,4.24E-6,0,0.786
A LA SALA,Khruangbin,41c8iFH2Q8n87lkrlaRZ1X,Pon Pón,spotify:track:41c8iFH2Q8n87lkrlaRZ1X,0.213,0.613,64,0.0486,0.488,0.117,0.875,0,0.554
Bad For Me,Chayce Beckham,1HJP9YzdqsxIknkqfFj79A,Devil I’ve Been,spotify:track:1HJP9YzdqsxIknkqfFj79A,0.0714,0.542,53,0.0591,0.618,0.163,0.0,1,0.877
USB,Fred again..,1kDX084EZutVgxAJCaxwIA,Lights Out,spotify:track:1kDX084EZutVgxAJCaxwIA,0.00118,0.596,51,0.056,0.255,0.102,0.00286,1,0.814
Gamma,Gesaffelstein,5sbUFmKCKJWxilkNjR5Mdw,Mania,spotify:track:5sbUFmKCKJWxilkNjR5Mdw,1.65E-5,0.464,47,0.0659,0.225,0.0891,0.826,1,0.868
Gamma,Gesaffelstein,5Vtv2jzl6HRtlQTCzR8yjn,Tyranny,spotify:track:5Vtv2jzl6HRtlQTCzR8yjn,1.82E-4,0.496,46,0.242,0.584,0.287,0.849,0,0.876
Silence Is Loud,Nia Archives,4x0eGebBnnJgNfZ0M4v1fI,Nightmares,spotify:track:4x0eGebBnnJgNfZ0M4v1fI,0.00427,0.636,"",0.0707,0.355,0.101,0.0,0,0.828
Don't Forget Me,Maggie Rogers,4FQiOvG6qN55tdzvu37uUN,If Now Was Then,spotify:track:4FQiOvG6qN55tdzvu37uUN,0.379,0.476,"",0.107,0.708,0.149,0.0,1,0.758
Don't Forget Me,Maggie Rogers,06qDEAG26TspT2yK2NLgEZ,The Kill,spotify:track:06qDEAG26TspT2yK2NLgEZ,0.0356,0.637,"",0.0507,0.528,0.245,0.0,1,0.858
Sweet Boy,Malcolm Todd,0eAuGrXyGFYwur9ARUe7LJ,Earrings,spotify:track:0eAuGrXyGFYwur9ARUe7LJ,0.233,0.498,55,0.0524,0.547,0.365,2.8E-5,0,0.505
Don't Forget Me,Maggie Rogers,353l8u2CCNBek7Nd3Q3Txa,Drunk,spotify:track:353l8u2CCNBek7Nd3Q3Txa,0.0938,0.575,"",0.0716,0.639,0.23,0.0,0,0.828
Might Delete Later,J. Cole,3zyjnHtoi8AtiGgZFnJP7O,Stealth Mode (feat. Bas),spotify:track:3zyjnHtoi8AtiGgZFnJP7O,0.657,0.748,75,0.144,0.525,0.222,0.0,1,0.496
I'M DOING IT AGAIN BABY!,girl in red,1WFNU6zWFu5BpSiQOAVTAO,New Love,spotify:track:1WFNU6zWFu5BpSiQOAVTAO,0.00662,0.239,"",0.0421,0.358,0.488,0.00831,1,0.789
USB,Skrillex,3cl0rrKUKwNtNF3rQLnHMS,Rumble,spotify:track:3cl0rrKUKwNtNF3rQLnHMS,0.0515,0.81,52,0.0645,0.0585,0.0598,0.229,0,0.836
Spite,Omar Apollo,0XHFylA18yuwGVCfJfq4dw,Spite,spotify:track:0XHFylA18yuwGVCfJfq4dw,0.152,0.735,66,0.0853,0.604,0.136,0.0239,1,0.616
COWBOY CARTER,Beyoncé,4h6iaiMchTUHlK5ovMiJ3h,JUST FOR FUN,spotify:track:4h6iaiMchTUHlK5ovMiJ3h,0.549,0.466,80,0.0382,0.127,0.18,1.3E-5,1,0.434
Silence Is Loud,Nia Archives,439l3vOlp3r3FAuoGjZtJo,Cards On The Table,spotify:track:439l3vOlp3r3FAuoGjZtJo,0.00561,0.599,"",0.0991,0.475,0.377,1.3E-6,1,0.926
The 502s,The 502s,2aBpc6bhizVGVdi4Lw3oD4,When I Get To Heaven,spotify:track:2aBpc6bhizVGVdi4Lw3oD4,0.378,0.606,"",0.029,0.257,0.112,1.35E-5,1,0.67
Mary Boone,Vampire Weekend,36xRk01rT0gk6ApPsKmyzU,Capricorn,spotify:track:36xRk01rT0gk6ApPsKmyzU,0.137,0.567,51,0.03,0.556,0.0938,5.13E-4,1,0.637
Only God Was Above Us,Vampire Weekend,5sBrebz7XnIbwSdWgWasLr,Hope,spotify:track:5sBrebz7XnIbwSdWgWasLr,0.0432,0.52,60,0.0263,0.353,0.101,0.00372,1,0.656
MANIFESTING 20-05,Feid,0rNqDh9zWWJVTLS4VfceHP,Brickell,spotify:track:0rNqDh9zWWJVTLS4VfceHP,0.0704,0.805,58,0.0634,0.489,0.121,0.0,0,0.89
Where The Joy Is,We Are Messengers,1euPGfGlqYXKWmly5jGRk1,Glory And My Good,spotify:track:1euPGfGlqYXKWmly5jGRk1,0.0029,0.578,32,0.0331,0.359,0.0769,2.58E-5,1,0.766
I LUV IT (feat. Playboi Carti),Camila Cabello,2H2ytI7ompfNmRkI2sq8Uk,I LUV IT (feat. Playboi Carti),spotify:track:2H2ytI7ompfNmRkI2sq8Uk,0.0149,0.587,86,0.0467,0.228,0.227,3.94E-4,1,0.779
Bad For Me,Chayce Beckham,6AfHka0f7OmI8qMDqNrElk,Smokin' Weed And Drinkin' Whiskey,spotify:track:6AfHka0f7OmI8qMDqNrElk,0.0187,0.581,34,0.0356,0.568,0.173,9.26E-4,1,0.893
Papercuts,Linkin Park,0smQhuC3Zv5jgC8iy8s8fj,Crawling,spotify:track:0smQhuC3Zv5jgC8iy8s8fj,0.0348,0.576,"",0.0345,0.326,0.523,1.23E-5,1,0.659
FINAL (Vol.2),Enrique Iglesias,41NurYm4JBHtMRNRouSGaV,Love and Pain,spotify:track:41NurYm4JBHtMRNRouSGaV,0.102,0.77,49,0.0641,0.631,0.104,5.06E-5,0,0.862
Found Heaven,Conan Gray,2zg5ClMcmqNIBrHATdxftp,Lonely Dancers,spotify:track:2zg5ClMcmqNIBrHATdxftp,0.062,0.645,65,0.0271,0.723,0.187,1.05E-6,1,0.83
Pigeons & Planes presents: See You Next Year 2,Love Spells,4b8jSkAouqGw1gyw0JVN7y,223s,spotify:track:4b8jSkAouqGw1gyw0JVN7y,0.286,0.603,35,0.0284,0.529,0.524,1.26E-6,1,0.557
A LA SALA,Khruangbin,0aBXUYZnPGercCeyjriEtl,Three From Two,spotify:track:0aBXUYZnPGercCeyjriEtl,0.305,0.613,61,0.0322,0.649,0.296,0.849,1,0.439
genre : sadboy,mgk,3Y9wIDKtqCYk2d0P8GrPxc,who do i call,spotify:track:3Y9wIDKtqCYk2d0P8GrPxc,0.771,0.561,67,0.0462,0.299,0.123,3.76E-5,1,0.306
Found Heaven,Conan Gray,02lKKPDA4OmxnyNM7vPGzJ,Winner,spotify:track:02lKKPDA4OmxnyNM7vPGzJ,0.168,0.438,63,0.0283,0.182,0.362,0.0,1,0.489
un mechón de pelo,TINI,5irZOI6fACizSRid2rgHqC,ni de ti,spotify:track:5irZOI6fACizSRid2rgHqC,0.0145,0.685,"",0.358,0.446,0.272,0.0,1,0.775
Fireworks & Rollerblades,Benson Boone,4ZuIZH78dteLeq4KAApART,Intro,spotify:track:4ZuIZH78dteLeq4KAApART,0.868,0.346,68,0.0362,0.224,0.188,0.0,1,0.228
86Sentra,NxWorries,7iYoFGzYNNhoSdMBgSo5Bb,Daydreaming,spotify:track:7iYoFGzYNNhoSdMBgSo5Bb,0.268,0.701,55,0.0355,0.499,0.0777,0.146,1,0.586
Gamma,Gesaffelstein,2yuAvI1t2W7t7xl7HZNmg2,Emet,spotify:track:2yuAvI1t2W7t7xl7HZNmg2,0.0618,0.328,43,0.0971,0.0387,0.659,0.967,0,0.666
Sweet Boy,Malcolm Todd,7uEFboafVLvROPYTqdMi0n,4Me 4Me,spotify:track:7uEFboafVLvROPYTqdMi0n,0.521,0.573,44,0.0647,0.668,0.56,0.113,0,0.661
MANIFESTING 20-05,Feid,6M3Wbw9M57Kaw2wXSMyjyf,Pa Janguiar,spotify:track:6M3Wbw9M57Kaw2wXSMyjyf,0.125,0.62,56,0.0821,0.764,0.0756,0.0,0,0.805
Bryson Tiller,Bryson Tiller,6R55Qoa7SRZ744U85UdMVp,Random Access Memory [RAM] (feat. Clara La San),spotify:track:6R55Qoa7SRZ744U85UdMVp,0.485,0.449,65,0.206,0.354,0.639,2.2E-6,0,0.469
11:11 (Deluxe),Chris Brown,5WyY3xCK818VTtqndu5dyN,Won't Keep You Waiting (feat. Mario),spotify:track:5WyY3xCK818VTtqndu5dyN,0.0143,0.346,33,0.205,0.293,0.119,0.0,1,0.63
Papercuts,Linkin Park,5nB5ugvN8ica2Dy2vFPtln,Numb,spotify:track:5nB5ugvN8ica2Dy2vFPtln,7.0E-4,0.456,"",0.0417,0.249,0.546,0.0,1,0.831
Fireworks & Rollerblades,Benson Boone,51eSHglvG1RJXtL3qI5trr,Slow It Down,spotify:track:51eSHglvG1RJXtL3qI5trr,0.174,0.432,78,0.0687,0.544,0.0933,0.0,1,0.583
Fireworks & Rollerblades,Benson Boone,6VyWsk3qiz8NmHUEyVobQb,Hello Love,spotify:track:6VyWsk3qiz8NmHUEyVobQb,0.0732,0.286,67,0.0358,0.147,0.0919,0.0,1,0.448
Bryson Tiller,Bryson Tiller,0oMlowcYGs70fDAfRf8eKJ,Ciao!,spotify:track:0oMlowcYGs70fDAfRf8eKJ,0.00176,0.43,70,0.0532,0.467,0.295,2.56E-6,1,0.72
Mood Swings,Marcus King,7v4FF3DWuUfRecyXWCgoQY,Delilah,spotify:track:7v4FF3DWuUfRecyXWCgoQY,0.17,0.479,48,0.0295,0.366,0.173,0.00115,1,0.644
1+1=11,Peggy Gou,1iiePEKGQPcNXZoXCXWaea,1+1=11 - Beatless Mix,spotify:track:1iiePEKGQPcNXZoXCXWaea,0.614,0.572,48,0.0337,0.397,0.227,0.893,0,0.664
All I Ever Want Is Everything,Blu DeTiger,4pAJsiM3G2RyJ8A2mrOT20,Intro to Everything,spotify:track:4pAJsiM3G2RyJ8A2mrOT20,0.0603,0.325,34,0.0309,0.203,0.121,0.821,1,0.31
Bad For Me,Chayce Beckham,5lv9EWq0QFIbhXQEufBTSS,Addicted And Clean,spotify:track:5lv9EWq0QFIbhXQEufBTSS,0.216,0.635,39,0.0334,0.47,0.253,0.0,1,0.565
COWBOY CARTER,Beyoncé,0TsCBkrq3owPs06HP5Q9Z4,RIIVERDANCE,spotify:track:0TsCBkrq3owPs06HP5Q9Z4,0.456,0.699,81,0.186,0.43,0.25,0.0,1,0.791
Silence Is Loud,Nia Archives,0JH3rxj9e7cY8T1QFgr5mQ,Crowded Roomz,spotify:track:0JH3rxj9e7cY8T1QFgr5mQ,0.109,0.512,"",0.141,0.615,0.742,9.86E-4,0,0.963
Skin to Skin,Amira Elfeky,5JAQYehJ0F9QrLJWpjLzYB,Skin to Skin,spotify:track:5JAQYehJ0F9QrLJWpjLzYB,0.429,0.396,45,0.0276,0.364,0.125,0.827,0,0.437
My Fun,Suki Waterhouse,7INhfm4O67U4guyaV6gQkY,OMG,spotify:track:7INhfm4O67U4guyaV6gQkY,0.0367,0.548,19,0.0282,0.3,0.0733,3.57E-5,0,0.693
Sweet Boy,Malcolm Todd,3R1XKFgSo7a8paa77cZCM0,Ladygirl,spotify:track:3R1XKFgSo7a8paa77cZCM0,0.808,0.633,43,0.133,0.53,0.315,1.45E-5,1,0.515
Papercuts,Linkin Park,2gDkeQHCuHc0qcEv52G4MZ,Waiting for the End,spotify:track:2gDkeQHCuHc0qcEv52G4MZ,0.0712,0.472,"",0.145,0.328,0.769,0.0,1,0.953
A LA SALA,Khruangbin,3Bbb7sfVmXbJnuy75MidP3,A Love International,spotify:track:3Bbb7sfVmXbJnuy75MidP3,0.0106,0.571,60,0.0334,0.809,0.611,0.842,0,0.502
favorite,Isabel LaRosa,0H2hzCPL66lueCl5n9qpob,favorite sped up,spotify:track:0H2hzCPL66lueCl5n9qpob,0.00624,0.805,66,0.172,0.393,0.0874,0.145,1,0.562
All I Ever Want Is Everything,Blu DeTiger,5T2RWhA9lQCy3rPyQnjePB,Latency,spotify:track:5T2RWhA9lQCy3rPyQnjePB,3.4E-5,0.687,38,0.0415,0.979,0.116,0.378,1,0.733
Scarlet 2 CLAUDE,Doja Cat,0xvfGmEnRclgxfsnBci0wC,Balut,spotify:track:0xvfGmEnRclgxfsnBci0wC,0.183,0.778,51,0.161,0.377,0.177,0.127,1,0.626
11:11 (Deluxe),Chris Brown,3qNvPlbK23B5i6XdGVUhhq,Midnight Freak,spotify:track:3qNvPlbK23B5i6XdGVUhhq,0.111,0.459,19,0.0977,0.539,0.1,0.0,1,0.609
Country,Medium Build,4LxQxGzZj0niHD8bbZCEYn,Stick Around,spotify:track:4LxQxGzZj0niHD8bbZCEYn,0.488,0.639,54,0.048,0.483,0.0981,1.46E-6,1,0.648
Scarlet 2 CLAUDE,Doja Cat,2GZXwWJ1s1dCW5gypBPCFe,Go Off,spotify:track:2GZXwWJ1s1dCW5gypBPCFe,0.027,0.933,55,0.0585,0.552,0.118,0.00416,0,0.533
Scarlet 2 CLAUDE,Doja Cat,62cYM5sFNakxAElX0qM7sl,Often,spotify:track:62cYM5sFNakxAElX0qM7sl,0.554,0.509,52,0.475,0.593,0.11,0.108,1,0.638
Ohio Players,The Black Keys,7k9ggvboitGpFmfBJtjeqG,Read Em And Weep,spotify:track:7k9ggvboitGpFmfBJtjeqG,0.219,0.283,57,0.0521,0.712,0.111,0.0441,0,0.859
Might Delete Later,J. Cole,1yfKakY4rvI17lk20ekuRA,Crocodile Tearz,spotify:track:1yfKakY4rvI17lk20ekuRA,0.0527,0.793,81,0.0772,0.198,0.0646,0.0,0,0.492
I'M DOING IT AGAIN BABY!,girl in red,0OAye4UT21h2iC72vGVuqC,A Night To Remember,spotify:track:0OAye4UT21h2iC72vGVuqC,0.386,0.48,"",0.119,0.162,0.113,0.00137,1,0.577
Papercuts,Linkin Park,4SDuVe9TOZNCIty0qWPzGN,Breaking the Habit,spotify:track:4SDuVe9TOZNCIty0qWPzGN,0.0305,0.556,"",0.0311,0.549,0.103,0.0,0,0.839
I'M DOING IT AGAIN BABY!,girl in red,49oNAMh9RBScs4HXZJgvgl,Too Much,spotify:track:49oNAMh9RBScs4HXZJgvgl,0.233,0.53,"",0.0625,0.378,0.108,7.75E-6,0,0.609
Scarlet 2 CLAUDE,Doja Cat,7bjUc65Vt0rbIsuUd8jb57,Can't Wait,spotify:track:7bjUc65Vt0rbIsuUd8jb57,0.286,0.472,54,0.322,0.815,0.0636,3.45E-6,0,0.79
11:11 (Deluxe),Chris Brown,15pCJpWCktrDMLdwdjCnHm,Make Up Your Mind,spotify:track:15pCJpWCktrDMLdwdjCnHm,0.127,0.693,19,0.0829,0.229,0.202,0.0,1,0.538
Ehhthang Ehhthang,GloRilla,76ENXK6WuaJ07V86r3WY4g,Nun Of Dem,spotify:track:76ENXK6WuaJ07V86r3WY4g,0.0543,0.889,60,0.418,0.766,0.0833,0.0,1,0.343
11:11 (Deluxe),Chris Brown,7sDsbFNNQmG2UmRjHtO7fW,Go Girlfriend,spotify:track:7sDsbFNNQmG2UmRjHtO7fW,0.0167,0.634,36,0.0616,0.559,0.125,0.0,1,0.736
Older,Lizzy McAlpine,0FnmNoDwLL21lrL6a9kLw7,Broken Glass,spotify:track:0FnmNoDwLL21lrL6a9kLw7,0.535,0.43,62,0.0334,0.17,0.107,3.9E-4,1,0.361
Club classics / B2b,Charli XCX,6tYGrpUyqB4yao5lAs3AR4,B2b,spotify:track:6tYGrpUyqB4yao5lAs3AR4,0.00116,0.766,69,0.0492,0.36,0.0589,0.282,1,0.777
FINAL (Vol.2),Enrique Iglesias,3LmvPdmYvNEe9D7BTsonsX,Llórame Un Río,spotify:track:3LmvPdmYvNEe9D7BTsonsX,0.139,0.557,55,0.0437,0.961,0.156,2.5E-6,1,0.854
USB,Fred again..,0YbYNOaIOr9Hs4YEPBOSP5,leavemealone - Nia Archives Remix,spotify:track:0YbYNOaIOr9Hs4YEPBOSP5,0.0416,0.69,50,0.0537,0.155,0.0835,0.0157,1,0.967
Pigeons & Planes presents: See You Next Year 2,binki,3KtpnTJuOS6jkKRxYdkCxZ,Bunches,spotify:track:3KtpnTJuOS6jkKRxYdkCxZ,0.423,0.719,36,0.0888,0.149,0.11,9.51E-5,1,0.342
Papercuts,Linkin Park,3gTSFdfCW0XuYMg7xnh4WZ,In the End,spotify:track:3gTSFdfCW0XuYMg7xnh4WZ,0.00422,0.535,"",0.0471,0.347,0.0656,0.0,0,0.856
Oh Well feat. Chris Stapleton,Slash,6xvriZfsi9MZ8TAE2wqY2z,Oh Well feat. Chris Stapleton,spotify:track:6xvriZfsi9MZ8TAE2wqY2z,8.36E-5,0.493,"",0.0517,0.604,0.244,0.102,1,0.912
Scarlet 2 CLAUDE,Doja Cat,07UaJADUXYjVUKnoDBBFKR,Paint The Town Red,spotify:track:07UaJADUXYjVUKnoDBBFKR,0.255,0.864,60,0.194,0.726,0.112,3.85E-6,0,0.556
Skin to Skin,Amira Elfeky,6jIpfKekX20HJoMHxJ59KT,Everything I Do Is For You,spotify:track:6jIpfKekX20HJoMHxJ59KT,1.17E-4,0.367,40,0.0494,0.279,0.117,7.41E-5,0,0.737
Bad For Me,Chayce Beckham,4o3dt9FSIBHCzDLoH6kIwz,Whiskey Country,spotify:track:4o3dt9FSIBHCzDLoH6kIwz,0.189,0.493,36,0.0291,0.437,0.122,0.0,1,0.494
Strong,Tyler Hubbard,723Kc2KRNWOxyfAyTXQqY5,Take Me Back,spotify:track:723Kc2KRNWOxyfAyTXQqY5,0.00903,0.506,"",0.0372,0.303,0.301,0.0,1,0.821
All I Ever Want Is Everything,Blu DeTiger,3mt2AxuyKl3sXsNL84XW6L,Moxie,spotify:track:3mt2AxuyKl3sXsNL84XW6L,0.0402,0.637,33,0.282,0.426,0.158,0.0,0,0.499
Gamma,Gesaffelstein,2KtmagmimqQH01YM8Ydp4I,Lost Love,spotify:track:2KtmagmimqQH01YM8Ydp4I,0.252,0.508,45,0.0258,0.213,0.124,0.821,0,0.532
COWBOY CARTER,Beyoncé,486YUqcmF9IWPkreU0THcQ,MY ROSE,spotify:track:486YUqcmF9IWPkreU0THcQ,0.771,0.384,80,0.0418,0.59,0.0943,0.0,0,0.177
Scarlet 2 CLAUDE,Doja Cat,377fhXGnBhq50LQWzUUZW3,97,spotify:track:377fhXGnBhq50LQWzUUZW3,0.184,0.564,55,0.351,0.864,0.147,0.0,0,0.796
Only God Was Above Us,Vampire Weekend,7EBmnpMsikHSmwOoCnAKrd,Gen-X Cops,spotify:track:7EBmnpMsikHSmwOoCnAKrd,0.0081,0.52,61,0.0449,0.399,0.193,0.00283,1,0.836
Ohio Players,The Black Keys,0T6ZJttgrFfKAZs4h0MRtj,Paper Crown (feat. Beck and Juicy J),spotify:track:0T6ZJttgrFfKAZs4h0MRtj,0.0241,0.465,59,0.207,0.392,0.122,0.0,1,0.801
Older,Lizzy McAlpine,3OsrfBSArPIfUXAO6sXd8i,You Forced Me To,spotify:track:3OsrfBSArPIfUXAO6sXd8i,0.94,0.712,61,0.0279,0.471,0.132,0.00113,0,0.228
Mood Swings,Marcus King,7pYvlvXuljROQPXMFZwfAk,Bipolar Love,spotify:track:7pYvlvXuljROQPXMFZwfAk,0.0467,0.582,43,0.036,0.657,0.0753,3.21E-5,1,0.602
Pigeons & Planes presents: See You Next Year 2,See You Next Year,5fIE63XdDuUDbp5M8k6JC7,Cesspool,spotify:track:5fIE63XdDuUDbp5M8k6JC7,0.181,0.547,32,0.0526,0.528,0.241,2.19E-4,1,0.698
COWBOY CARTER,Beyoncé,7CA0mEKqEZ0WFAIlTS4uEl,SWEET ★ HONEY ★ BUCKIIN',spotify:track:7CA0mEKqEZ0WFAIlTS4uEl,0.208,0.73,80,0.185,0.337,0.118,4.1E-4,0,0.639
Mary Boone,Vampire Weekend,0AblcvD6OBKCvICEHzgWSJ,Mary Boone,spotify:track:0AblcvD6OBKCvICEHzgWSJ,0.0917,0.501,64,0.0474,0.395,0.121,0.0434,1,0.65
11:11 (Deluxe),Chris Brown,4AZpd5q5MyW85vseLzLNjf,Summer Too Hot,spotify:track:4AZpd5q5MyW85vseLzLNjf,0.214,0.702,18,0.0533,0.262,0.189,7.22E-6,0,0.698
att.,Young Miko,5sgUjdBSTu9eqN2IJnNkYS,tamagotchi,spotify:track:5sgUjdBSTu9eqN2IJnNkYS,0.226,0.82,65,0.0636,0.738,0.197,0.0,1,0.649
I Don't Wanna Wait,David Guetta,331l3xABO0HMr1Kkyh2LZq,I Don't Wanna Wait,spotify:track:331l3xABO0HMr1Kkyh2LZq,0.0375,0.681,77,0.0309,0.554,0.232,0.0,0,0.714
Locked Up,Sam Hunt,34tdG5807YCh6BQ4FyivwZ,Locked Up,spotify:track:34tdG5807YCh6BQ4FyivwZ,0.34,0.491,51,0.149,0.48,0.156,0.0,1,0.78
"NASHVILLE, TENNESSEE",ERNEST,7AFutV1feSVlGJxnn5Je1M,Ain't Too Late,spotify:track:7AFutV1feSVlGJxnn5Je1M,0.0312,0.488,"",0.0272,0.531,0.0944,3.63E-5,1,0.741
Country,Medium Build,0P6Q6GTosgQk3iSexNGHJS,Crying Over U,spotify:track:0P6Q6GTosgQk3iSexNGHJS,0.417,0.574,44,0.0255,0.411,0.0951,0.0285,1,0.579
att.,Young Miko,6Dwq4iXw9IQ97sGkwy9J6p,en la pichi interlude,spotify:track:6Dwq4iXw9IQ97sGkwy9J6p,0.751,0.658,62,0.114,0.677,0.0786,1.72E-6,1,0.468
Papercuts,Linkin Park,6KNSQJhc7DX6Z5nzNBQCc1,Lost,spotify:track:6KNSQJhc7DX6Z5nzNBQCc1,0.00412,0.596,"",0.0285,0.459,0.338,0.0,1,0.798
Found Heaven,Conan Gray,6qOHp1FkEkv782ggdUFEiK,Found Heaven,spotify:track:6qOHp1FkEkv782ggdUFEiK,0.00453,0.529,67,0.0492,0.236,0.114,0.0,1,0.897
att.,Young Miko,73g6RENTgyeOn8vD04F2MT,no quiero pelear,spotify:track:73g6RENTgyeOn8vD04F2MT,0.63,0.59,63,0.305,0.442,0.103,4.82E-5,1,0.462
Mood Swings,Marcus King,1j1CeEom4KfmrKgda7zuWL,Cadillac,spotify:track:1j1CeEom4KfmrKgda7zuWL,0.745,0.515,41,0.0311,0.177,0.229,0.0,1,0.389
11:11 (Deluxe),Chris Brown,5JrQ1Jc3udCcAJasEpH0Ov,Run Away (feat. Bryson Tiller),spotify:track:5JrQ1Jc3udCcAJasEpH0Ov,0.0342,0.671,36,0.0565,0.24,0.118,0.0,0,0.428
att.,Young Miko,52efxkazJPLF9SeuUuuX0u,rookie of the year,spotify:track:52efxkazJPLF9SeuUuuX0u,0.237,0.576,65,0.423,0.198,0.645,0.0,1,0.556
Nothing Ever Changes,Vintage Culture,2s2OeeHvgUlAWElUmnNOCL,Weak,spotify:track:2s2OeeHvgUlAWElUmnNOCL,0.0486,0.846,45,0.0735,0.431,0.0907,0.00565,0,0.685
Mistake,Mimi Webb,1WLpHzABY3TFLkOQoU4bDW,Mistake,spotify:track:1WLpHzABY3TFLkOQoU4bDW,0.0334,0.611,"",0.0788,0.401,0.135,3.42E-6,0,0.729
11:11 (Deluxe),Chris Brown,2w3WwhPH4X2DPfzZnPIPKe,Stutter,spotify:track:2w3WwhPH4X2DPfzZnPIPKe,0.0349,0.668,19,0.0433,0.502,0.101,0.0,0,0.614
"NASHVILLE, TENNESSEE",ERNEST,1jWuX0MVDjgYm3ZKfqrnyc,Summertime Flies,spotify:track:1jWuX0MVDjgYm3ZKfqrnyc,0.262,0.58,"",0.0344,0.395,0.0959,0.0,1,0.669
Stuck,Scene Queen,6wQIp5hwjZvprG3ao24eGs,Finger,spotify:track:6wQIp5hwjZvprG3ao24eGs,9.9E-4,0.578,11,0.0692,0.898,0.312,0.0237,0,0.89
Go To Bed Sober,Ryan Hurd,2lLx6KEtmUDvRi4iWQyqRV,Go To Bed Sober,spotify:track:2lLx6KEtmUDvRi4iWQyqRV,0.787,0.686,"",0.0886,0.458,0.104,1.78E-4,1,0.534
Way Out Here,Riley Green,2OkPXNItOIOpD5OyOCWvyK,Way Out Here,spotify:track:2OkPXNItOIOpD5OyOCWvyK,0.112,0.482,"",0.0289,0.281,0.0863,9.06E-6,1,0.605
Us Vs. Them,$uicideboy$,3cmdqMDc0Fj4TgPeyDOYTM,Us Vs. Them,spotify:track:3cmdqMDc0Fj4TgPeyDOYTM,0.046,0.651,78,0.172,0.509,0.895,0.214,1,0.906
Where The Joy Is,We Are Messengers,1S0JrUZk0beSJx2kkcN2wF,Keep Your Head Up,spotify:track:1S0JrUZk0beSJx2kkcN2wF,8.24E-4,0.614,48,0.0467,0.683,0.0971,0.0,1,0.877
Through the Smoke,Nate Smith,2N9Z9TGnBeOYrjtyc9oJAF,Here's To Hometowns,spotify:track:2N9Z9TGnBeOYrjtyc9oJAF,0.042,0.55,51,0.0302,0.329,0.111,0.0,1,0.751
USB,Romy,2wFVvzFO7s1rBISgGyHJJT,Lights Out (feat. Fred again..) - HAAi Remix,spotify:track:2wFVvzFO7s1rBISgGyHJJT,8.41E-4,0.593,49,0.0364,0.282,0.112,0.431,1,0.896
COWBOY CARTER,Beyoncé,1UP7PXne1lIYZB5G5aiRGL,II MOST WANTED,spotify:track:1UP7PXne1lIYZB5G5aiRGL,0.497,0.533,87,0.0289,0.256,0.174,0.0,1,0.355
garage sale,BETWEEN FRIENDS,5LX8PAdEOzC0gdRMmxdpAt,Friends,spotify:track:5LX8PAdEOzC0gdRMmxdpAt,0.103,0.499,"",0.0533,0.573,0.0891,0.0,1,0.534
11:11 (Deluxe),Chris Brown,6tF7gpjHASUlwHv8Txr2UD,Sex So Good,spotify:track:6tF7gpjHASUlwHv8Txr2UD,0.0288,0.694,31,0.0598,0.295,0.125,0.0,0,0.71
Alienated,ZAYN,3Mc9WnQJxBDKBHpys9O1Bw,Alienated,spotify:track:3Mc9WnQJxBDKBHpys9O1Bw,0.465,0.491,"",0.0627,0.472,0.135,0.0,1,0.577
Pigeons & Planes presents: See You Next Year 2,Kenny Mason,61IrD4hmjsM5myqBWmeZc7,Big Bank,spotify:track:61IrD4hmjsM5myqBWmeZc7,0.0708,0.728,34,0.0429,0.323,0.0925,3.51E-5,1,0.88
Older,Lizzy McAlpine,4u1cRUVmE8jGI36hht6nRl,March,spotify:track:4u1cRUVmE8jGI36hht6nRl,0.926,0.354,60,0.0448,0.187,0.123,1.26E-4,1,0.144
Where The Joy Is,We Are Messengers,4Hi02YgCMOh7AvfB5jYuoT,All Things,spotify:track:4Hi02YgCMOh7AvfB5jYuoT,0.0371,0.587,30,0.0417,0.63,0.342,0.0,1,0.855
Bryson Tiller,Bryson Tiller,7aQ1tSYr518KwnE4SVSQbT,Whatever She Wants [BONUS],spotify:track:7aQ1tSYr518KwnE4SVSQbT,0.128,0.803,65,0.066,0.435,0.0928,0.0,0,0.512
Oh Well feat. Chris Stapleton,Slash,142tXkZruUBXDHGWftKYr9,Killing Floor feat. Brian Johnson,spotify:track:142tXkZruUBXDHGWftKYr9,6.88E-4,0.6,"",0.0327,0.661,0.322,0.767,1,0.9
COWBOY CARTER,Beyoncé,2dv2DYn0V0j0Wx6Ra40bce,SMOKE HOUR ★ WILLIE NELSON,spotify:track:2dv2DYn0V0j0Wx6Ra40bce,0.963,0.739,80,0.921,0.82,0.849,7.53E-4,1,0.406
Fireworks & Rollerblades,Benson Boone,6HuHyXviAdpmnQu73JHfBz,Ghost Town,spotify:track:6HuHyXviAdpmnQu73JHfBz,0.389,0.391,67,0.0763,0.116,0.102,0.0,1,0.335
Pigeons & Planes presents: See You Next Year 2,See You Next Year,5oRxL1xwkTVPZSQcaOkoSc,Jump,spotify:track:5oRxL1xwkTVPZSQcaOkoSc,0.0406,0.915,35,0.195,0.34,0.104,0.294,1,0.667
11:11 (Deluxe),Chris Brown,1CMKFHIrOVZLptIF1iFQUg,Best Ever (feat. Maeta),spotify:track:1CMKFHIrOVZLptIF1iFQUg,0.292,0.716,21,0.0579,0.509,0.407,0.00111,0,0.543
A LA SALA,Khruangbin,231a0JtwO0iYOeHsjbFVzI,Juegos y Nubes,spotify:track:231a0JtwO0iYOeHsjbFVzI,0.122,0.499,61,0.0369,0.797,0.606,0.856,0,0.571
Cherry On Top,Ben Platt,235lO0qJ7TO9lpDorTvegE,Cherry On Top,spotify:track:235lO0qJ7TO9lpDorTvegE,0.00476,0.621,13,0.0475,0.66,0.0564,0.0,1,0.801
un mechón de pelo,TINI,5AmSJDXYdxaU1B8eCrxaqb,me voy,spotify:track:5AmSJDXYdxaU1B8eCrxaqb,0.891,0.683,"",0.037,0.698,0.209,0.0,0,0.171
COWBOY CARTER,Beyoncé,0K9tfzrxJyCQIf7oAlPwaK,YA YA,spotify:track:0K9tfzrxJyCQIf7oAlPwaK,0.317,0.617,83,0.341,0.764,0.507,0.0,1,0.904
It Was Always You (Siempre Fuiste Tú),Carin Leon,74XgsdImAXUs6VDcmYqbDl,It Was Always You (Siempre Fuiste Tú),spotify:track:74XgsdImAXUs6VDcmYqbDl,0.0851,0.686,73,0.178,0.488,0.0793,1.66E-6,1,0.699
Ohio Players,The Black Keys,1SA1S31wud6Qoq8rxkqbSt,Only Love Matters,spotify:track:1SA1S31wud6Qoq8rxkqbSt,0.00641,0.333,59,0.0947,0.534,0.0834,0.01,1,0.848
dos,Camilo,4i2Uelkm3Fy2CSE63s4hSz,Una Vida Pasada,spotify:track:4i2Uelkm3Fy2CSE63s4hSz,0.656,0.768,62,0.0411,0.948,0.143,3.66E-5,0,0.679
I'M DOING IT AGAIN BABY!,girl in red,66ex88O0p8fmw7ShFLlmmC,★★★★★,spotify:track:66ex88O0p8fmw7ShFLlmmC,0.0816,0.573,"",0.16,0.54,0.0643,0.00398,0,0.734
After Hours,Kehlani,2x03XLsTZ0o86h0cfHrkKF,After Hours,spotify:track:2x03XLsTZ0o86h0cfHrkKF,0.0736,0.724,73,0.0421,0.735,0.11,0.00113,1,0.794
COWBOY CARTER,Beyoncé,5tInFhbFRLTM4rFu6yVSJA,SMOKE HOUR II,spotify:track:5tInFhbFRLTM4rFu6yVSJA,0.797,0.465,56,0.42,0.923,0.539,0.00481,1,0.244
Strong,Tyler Hubbard,2OSQ9bmwVST63xuoqZfpbr,Strong,spotify:track:2OSQ9bmwVST63xuoqZfpbr,0.0118,0.425,"",0.0362,0.35,0.354,0.0,1,0.717
Gamma,Gesaffelstein,2vMXEYcrqv5HAoBy83UQkT,Digital Slaves,spotify:track:2vMXEYcrqv5HAoBy83UQkT,0.0338,0.646,56,0.0995,0.896,0.135,0.709,1,0.848
Stuck,Scene Queen,7uiFaA6o5gUB9dtbZy7IRe,Pink Push-Up Bra,spotify:track:7uiFaA6o5gUB9dtbZy7IRe,0.00218,0.566,8,0.0757,0.538,0.354,1.32E-4,0,0.882
genre : sadboy,mgk,5RJvKzCyG6ReTWwPRaRF7K,suddenly,spotify:track:5RJvKzCyG6ReTWwPRaRF7K,0.123,0.606,68,0.054,0.394,0.354,0.0,0,0.723
Flea,St. Vincent,1t1Al1wsJTACjRUCz5q1Fl,Broken Man,spotify:track:1t1Al1wsJTACjRUCz5q1Fl,0.0621,0.77,45,0.0569,0.577,0.109,0.00843,0,0.736
Pigeons & Planes presents: See You Next Year 2,Kenny Mason,3EBE1Ge68lYCZ6Twp1kzio,Cannot Forget,spotify:track:3EBE1Ge68lYCZ6Twp1kzio,0.0346,0.61,36,0.0327,0.326,0.164,1.0E-4,1,0.533
Older,Lizzy McAlpine,7ySoma7tOtUTPSELihpcko,Vortex,spotify:track:7ySoma7tOtUTPSELihpcko,0.948,0.369,62,0.0333,0.234,0.0963,0.00864,1,0.215
Forever To Me,Cole Swindell,38RJG8nLAwGycitlHOiifP,Forever To Me,spotify:track:38RJG8nLAwGycitlHOiifP,0.166,0.56,"",0.0318,0.328,0.0837,0.0,1,0.555
Nothing Ever Changes,Vintage Culture,1oytqQdZTKnICWgqCW9SrI,Nothing Ever Changes,spotify:track:1oytqQdZTKnICWgqCW9SrI,0.0131,0.583,59,0.0309,0.147,0.0939,0.0347,0,0.659
Mood Swings,Marcus King,7wdDFj583srpFCkYxh1vx0,Save Me,spotify:track:7wdDFj583srpFCkYxh1vx0,0.471,0.656,45,0.134,0.549,0.133,2.15E-4,0,0.553
Bryson Tiller,Bryson Tiller,7lZBI90We7DeGsGE9YfMPU,No Thank You,spotify:track:7lZBI90We7DeGsGE9YfMPU,0.0116,0.591,66,0.243,0.714,0.127,0.0,0,0.642
Fireworks & Rollerblades,Benson Boone,5vuUeNKFGxOSm62Z6lNLF8,Love Of Mine,spotify:track:5vuUeNKFGxOSm62Z6lNLF8,0.651,0.331,66,0.035,0.106,0.0763,0.0,1,0.373
Bad For Me,Chayce Beckham,4IfMDVhKFMvKENVXbMJAW6,Everything I Need,spotify:track:4IfMDVhKFMvKENVXbMJAW6,0.0137,0.446,38,0.0318,0.631,0.352,2.62E-6,1,0.809
Bryson Tiller,Bryson Tiller,0pb8Y0dlYB4OkwfBsWPAMJ,Find My Way,spotify:track:0pb8Y0dlYB4OkwfBsWPAMJ,0.833,0.444,64,0.0332,0.324,0.117,0.0,0,0.355
"NASHVILLE, TENNESSEE",ERNEST,3iTzn0JqXfJjZHuwtgG8Fx,Slow Dancing In A Burning Room,spotify:track:3iTzn0JqXfJjZHuwtgG8Fx,0.135,0.639,"",0.0262,0.399,0.099,0.0033,0,0.575
COWBOY CARTER,Beyoncé,1Y7vNzQrybb2ICYKmbOfdt,II HANDS II HEAVEN,spotify:track:1Y7vNzQrybb2ICYKmbOfdt,0.539,0.674,80,0.224,0.533,0.0906,1.69E-6,1,0.602
Skin to Skin,Amira Elfeky,5LRSgPo7BKrhIBYrX1mL8z,Save Yourself,spotify:track:5LRSgPo7BKrhIBYrX1mL8z,0.00188,0.349,44,0.0725,0.392,0.0708,0.00397,0,0.931
My Oh My,Ava Max,377uEWjxVKksQDlwDqaIfx,My Oh My,spotify:track:377uEWjxVKksQDlwDqaIfx,0.0182,0.692,72,0.0383,0.653,0.148,8.82E-5,1,0.868
Don't Forget Me,Maggie Rogers,1Yz1u4yjkWLBBJqHzzXXPz,I Still Do,spotify:track:1Yz1u4yjkWLBBJqHzzXXPz,0.852,0.547,"",0.0248,0.191,0.108,0.0,1,0.207
Ohio Players,The Black Keys,1zCNzZTRsou6TFpe8nsmnK,Don't Let Me Go,spotify:track:1zCNzZTRsou6TFpe8nsmnK,0.015,0.518,61,0.0532,0.797,0.142,0.0,0,0.864
Might Delete Later,J. Cole,2mhdhTWqT8RhkTlN2yWZZi,7 Minute Drill,spotify:track:2mhdhTWqT8RhkTlN2yWZZi,0.0365,0.643,82,0.237,0.741,0.0993,0.0,0,0.791
Older,Lizzy McAlpine,6aRmjhWmg9pAioffjegxtp,Movie Star,spotify:track:6aRmjhWmg9pAioffjegxtp,0.877,0.67,63,0.0351,0.557,0.174,0.0,1,0.171
un mechón de pelo,TINI,490e7PHsxkzMot8qCO36Bt,pa,spotify:track:490e7PHsxkzMot8qCO36Bt,0.689,0.57,"",0.0354,0.326,0.199,0.0,1,0.271
Sweet Boy,Malcolm Todd,6dc1efEhnYMzVwz05VY4ZP,New Friends (feat. Eem Triplin),spotify:track:6dc1efEhnYMzVwz05VY4ZP,0.569,0.796,44,0.161,0.779,0.0756,0.0311,1,0.358
11:11 (Deluxe),Chris Brown,6DaUoalUi6GAQTLaWmNcF0,No Interruptions,spotify:track:6DaUoalUi6GAQTLaWmNcF0,0.222,0.447,35,0.196,0.67,0.0904,0.0,1,0.697
att.,Young Miko,6rGa59Ibh8CnTRxpftnB53,ID,spotify:track:6rGa59Ibh8CnTRxpftnB53,0.0558,0.687,63,0.166,0.665,0.0751,6.44E-5,0,0.731
COWBOY CARTER,Beyoncé,7wLShogStyDeZvL0a6daN5,TEXAS HOLD 'EM,spotify:track:7wLShogStyDeZvL0a6daN5,0.582,0.727,86,0.078,0.375,0.158,0.0,1,0.711
I'M DOING IT AGAIN BABY!,girl in red,34qaGPDvfWqp3F4iD5nGhf,You Need Me Now? (feat. Sabrina Carpenter),spotify:track:34qaGPDvfWqp3F4iD5nGhf,0.00397,0.543,"",0.172,0.644,0.0335,0.0,0,0.854
USB,Fred again..,44zHtICHoRfBaxfRgiSrKL,Turn On The Lights again.. (feat. Future),spotify:track:44zHtICHoRfBaxfRgiSrKL,0.0125,0.683,52,0.0497,0.551,0.318,0.446,0,0.887
Scarlet 2 CLAUDE,Doja Cat,0mxMMetknt24PVQxAHwXAZ,URRRGE!!!!!!!!!! (feat. A$AP Rocky),spotify:track:0mxMMetknt24PVQxAHwXAZ,0.00947,0.944,70,0.182,0.428,0.178,1.24E-4,1,0.653
I'M DOING IT AGAIN BABY!,girl in red,5ZNxEg7CJo2zSdOXLrv1kW,Pick Me,spotify:track:5ZNxEg7CJo2zSdOXLrv1kW,0.307,0.477,"",0.0305,0.23,0.291,7.0E-6,1,0.402
A LA SALA,Khruangbin,2pvYxLYo0cNSnYhWBGdXQQ,Fifteen Fifty-Three,spotify:track:2pvYxLYo0cNSnYhWBGdXQQ,0.371,0.361,63,0.0395,0.326,0.135,0.788,0,0.294
All I Ever Want Is Everything,Blu DeTiger,46h7B6jXj5S7TBZXqtFVEh,Cut Me Down (feat. Mallrat),spotify:track:46h7B6jXj5S7TBZXqtFVEh,0.0422,0.721,33,0.141,0.4,0.121,3.32E-5,0,0.788
USB,Fred again..,21f4TjwWXbnqg8d5R6oq8Y,BerwynGesaffNeighbours,spotify:track:21f4TjwWXbnqg8d5R6oq8Y,0.275,0.523,59,0.19,0.265,0.198,0.411,1,0.635
un mechón de pelo,TINI,10VrAhS6QQKA2mdf2NpreW,ángel,spotify:track:10VrAhS6QQKA2mdf2NpreW,0.496,0.628,"",0.045,0.486,0.356,0.0,0,0.494
86Sentra,NxWorries,0CBPxBZNCCBC5k1eBRVgYH,86Sentra,spotify:track:0CBPxBZNCCBC5k1eBRVgYH,0.355,0.763,64,0.308,0.643,0.105,3.95E-5,0,0.618
Country,Medium Build,2MQDGI0R2XyESjhmDyUv5H,Coming Home Drunk (Interlude),spotify:track:2MQDGI0R2XyESjhmDyUv5H,0.787,0.526,40,0.0297,0.403,0.107,0.825,1,0.208
Skin to Skin,Amira Elfeky,30I1aaeOdbc3GONaqg44yW,Tonight (demo),spotify:track:30I1aaeOdbc3GONaqg44yW,3.52E-4,0.383,39,0.0743,0.24,0.123,0.0145,0,0.924
Whiskey Blues,Tanner Adell,0mVYqxsm3ReFqAuxG9Orrk,Whiskey Blues,spotify:track:0mVYqxsm3ReFqAuxG9Orrk,0.0952,0.608,"",0.0514,0.707,0.236,0.0,1,0.606
11:11 (Deluxe),Chris Brown,5WoSlec8CC3rxzlJZDBPnS,My Slime,spotify:track:5WoSlec8CC3rxzlJZDBPnS,0.0611,0.566,30,0.189,0.375,0.114,0.0,0,0.473
COWBOY CARTER,Beyoncé,2PmMh2t7jAtN6cqFooA0Xy,JOLENE,spotify:track:2PmMh2t7jAtN6cqFooA0Xy,0.532,0.567,85,0.164,0.853,0.73,0.0,0,0.812
Sweet Boy,Malcolm Todd,6hKFQb0Jsr51UFJ4sNVoUx,On My Shoulder,spotify:track:6hKFQb0Jsr51UFJ4sNVoUx,0.382,0.665,43,0.0603,0.774,0.455,3.36E-4,1,0.596
Stuck,Scene Queen,3yyJWBJ3MOrLlhtla7Cq7P,Stuck,spotify:track:3yyJWBJ3MOrLlhtla7Cq7P,2.67E-5,0.762,19,0.105,0.664,0.126,3.31E-6,1,0.83
Ohio Players,The Black Keys,0IMBV4YXZABCZ95FaaQZUp,Candy and Her Friends (feat. Lil Noid),spotify:track:0IMBV4YXZABCZ95FaaQZUp,0.0949,0.504,59,0.192,0.594,0.672,7.67E-5,0,0.777
Brindo Con Agua,Aventura,0VazBorrrrE0vlacDVRQCx,Brindo Con Agua,spotify:track:0VazBorrrrE0vlacDVRQCx,0.625,0.858,62,0.0416,0.878,0.0708,3.91E-6,0,0.57
Older,Lizzy McAlpine,7vuTIC1zVc3i5VffKd2cHq,Better Than This,spotify:track:7vuTIC1zVc3i5VffKd2cHq,0.878,0.585,61,0.0302,0.403,0.0789,2.68E-6,1,0.174
Locked Up,Sam Hunt,2DOxC6AdXlSeUrsgWKuX4X,Country House,spotify:track:2DOxC6AdXlSeUrsgWKuX4X,0.164,0.659,60,0.0422,0.681,0.0849,0.0,1,0.753
Where The Joy Is,We Are Messengers,4TU7pHmT2DTCVdSDTVXLh4,God Be The Glory,spotify:track:4TU7pHmT2DTCVdSDTVXLh4,0.185,0.565,35,0.0341,0.253,0.0533,0.0,1,0.55
Ehhthang Ehhthang,GloRilla,6oXwnROJNUkozh28jT9O1V,Bad Bih 4 Ya (feat. Boston Richey),spotify:track:6oXwnROJNUkozh28jT9O1V,0.0112,0.843,60,0.383,0.757,0.103,0.0,0,0.746
Pigeons & Planes presents: See You Next Year 2,See You Next Year,0oAmgD4LwP6YgVIXAGfIKk,How To Cry,spotify:track:0oAmgD4LwP6YgVIXAGfIKk,0.253,0.439,35,0.199,0.42,0.315,1.58E-6,0,0.523
11:11 (Deluxe),Chris Brown,2Qq2rdtt5gt1Ua2y0XnErX,Very Special,spotify:track:2Qq2rdtt5gt1Ua2y0XnErX,0.0806,0.678,19,0.0649,0.285,0.262,7.68E-6,0,0.926
genre : sadboy,mgk,5TzITawiUIFftW4F9CFldd,no more,spotify:track:5TzITawiUIFftW4F9CFldd,0.577,0.78,67,0.0934,0.302,0.111,4.06E-6,1,0.358
Scarlet 2 CLAUDE,Doja Cat,7oZ3BHE9ZzWS3DpjD9RBOl,PISS,spotify:track:7oZ3BHE9ZzWS3DpjD9RBOl,0.183,0.808,67,0.456,0.515,0.0326,1.33E-6,0,0.518
Ehhthang Ehhthang,GloRilla,3WnxnjGIwQ7rJ7igCOu93l,No Bih,spotify:track:3WnxnjGIwQ7rJ7igCOu93l,0.243,0.859,60,0.196,0.789,0.141,2.48E-4,1,0.833
att.,Young Miko,2tVxwJfffbJOAUgSx01eKl,ay mami,spotify:track:2tVxwJfffbJOAUgSx01eKl,0.385,0.741,67,0.263,0.498,0.11,0.0,0,0.512
Stuck,Scene Queen,3M8Ty5d7j2kNkuMsFV1xv1,18+,spotify:track:3M8Ty5d7j2kNkuMsFV1xv1,0.0037,0.411,10,0.14,0.342,0.364,0.0,1,0.808
MANIFESTING 20-05,Feid,4vAAGNZAjmCUc51qjhFZdM,De Negro,spotify:track:4vAAGNZAjmCUc51qjhFZdM,0.191,0.69,58,0.112,0.368,0.145,0.0,0,0.88
Pigeons & Planes presents: See You Next Year 2,skaiwater,4Vcf88KFUWIaUgd0y2agaF,New Slaves,spotify:track:4Vcf88KFUWIaUgd0y2agaF,0.558,0.776,35,0.0462,0.514,0.113,0.156,1,0.679
L o s e M y M i n d,PARTYNEXTDOOR,7nnSTOoBWl2ctLxoqgCZoq,L o s e M y M i n d,spotify:track:7nnSTOoBWl2ctLxoqgCZoq,0.0583,0.433,38,0.0448,0.144,0.228,1.85E-5,0,0.477
Fireworks & Rollerblades,Benson Boone,7BXyTc2ycXzXjAaGRTqnad,Forever and a Day,spotify:track:7BXyTc2ycXzXjAaGRTqnad,0.081,0.436,69,0.0461,0.301,0.151,0.0,1,0.467
Scarlet 2 CLAUDE,Doja Cat,7y73txStcKSdfI7smRFfIE,DISRESPECTFUL,spotify:track:7y73txStcKSdfI7smRFfIE,0.0435,0.798,68,0.0846,0.387,0.12,4.35E-4,1,0.612
Bryson Tiller,Bryson Tiller,2g4jtlKn4tSIzHFn4Z3IYg,CALYPSO,spotify:track:2g4jtlKn4tSIzHFn4Z3IYg,0.0258,0.748,64,0.155,0.324,0.159,0.0,1,0.728
All I Ever Want Is Everything,Blu DeTiger,0ho6tGnCPHu7qKPBmqJwM3,Sad Girl Machine,spotify:track:0ho6tGnCPHu7qKPBmqJwM3,0.448,0.887,31,0.163,0.684,0.173,9.93E-5,0,0.545
Country,Medium Build,01g05Ii7fj7F8V1UlYFf1q,Cutting Thru The Country,spotify:track:01g05Ii7fj7F8V1UlYFf1q,0.73,0.72,42,0.0676,0.81,0.13,3.81E-5,1,0.639
"NASHVILLE, TENNESSEE",ERNEST,5T42M7PSB7YnRLVUnoMKPK,Ain't As Easy,spotify:track:5T42M7PSB7YnRLVUnoMKPK,0.363,0.52,"",0.023,0.425,0.124,7.78E-6,1,0.478
COWBOY CARTER,Beyoncé,7eEr7lgWYudwEKEaWCPiPI,BLACKBIIRD,spotify:track:7eEr7lgWYudwEKEaWCPiPI,0.716,0.476,83,0.0269,0.201,0.11,0.0,1,0.192
"NASHVILLE, TENNESSEE",ERNEST,0lAbpcF5UWZOGfXOV0MZDD,Small Town Goes,spotify:track:0lAbpcF5UWZOGfXOV0MZDD,0.0732,0.498,"",0.0312,0.435,0.205,0.0,1,0.757
Sweet Boy,Malcolm Todd,1JOUKim8ZlHaM5N43sQ9dq,Mr. Incorrect,spotify:track:1JOUKim8ZlHaM5N43sQ9dq,0.771,0.72,42,0.0406,0.811,0.185,0.00301,1,0.669
MANIFESTING 20-05,Feid,2iPoYcC5x7gylwRyCwzFxI,No Digas Na,spotify:track:2iPoYcC5x7gylwRyCwzFxI,0.129,0.616,58,0.0565,0.749,0.0548,0.0,1,0.837
Pigeons & Planes presents: See You Next Year 2,monte booker,6uBGdfr1j3HWPe8DzLdg4u,Waiting For You,spotify:track:6uBGdfr1j3HWPe8DzLdg4u,0.915,0.445,31,0.0318,0.352,0.0945,0.849,0,0.36
Might Delete Later,J. Cole,2cH8wHImerFokgmhjyhCTU,Huntin’ Wabbitz,spotify:track:2cH8wHImerFokgmhjyhCTU,0.177,0.807,79,0.353,0.431,0.0937,0.0,0,0.49
Townie,X Ambassadors,3jN8yPWQNdmNzoUJxMyy52,Fallout,spotify:track:3jN8yPWQNdmNzoUJxMyy52,0.00365,0.548,42,0.0307,0.157,0.149,6.42E-5,1,0.776
Papercuts,Linkin Park,5HxEUiQVhS8l8VFUDobYSn,New Divide,spotify:track:5HxEUiQVhS8l8VFUDobYSn,2.19E-4,0.493,"",0.0358,0.365,0.0936,1.05E-6,0,0.792
Older,Lizzy McAlpine,2V6xyW0KBDHzyQ4Q0ZSq1W,I Guess,spotify:track:2V6xyW0KBDHzyQ4Q0ZSq1W,0.47,0.518,63,0.0259,0.334,0.111,0.078,1,0.325
Nasty,Tinashe,6NjWCIYu1W8xa3HIvcIhd4,Nasty,spotify:track:6NjWCIYu1W8xa3HIvcIhd4,0.165,0.931,"",0.0711,0.515,0.134,5.26E-6,1,0.411
USB,Fred again..,0Q8g6NtSmK7iiPJiwJJ03a,Jungle - Rico Nasty Remix,spotify:track:0Q8g6NtSmK7iiPJiwJJ03a,0.00316,0.686,49,0.0886,0.422,0.166,0.012,1,0.81
COWBOY CARTER,Beyoncé,6K2Iut8nSQigP83yvbiqi8,AMERIICAN REQUIEM,spotify:track:6K2Iut8nSQigP83yvbiqi8,0.0963,0.374,83,0.0363,0.0568,0.171,0.0,1,0.515
"NASHVILLE, TENNESSEE",ERNEST,5UwewCvvm6rWHDxrgdPGBH,Smokin’ Gun,spotify:track:5UwewCvvm6rWHDxrgdPGBH,3.23E-4,0.49,"",0.0409,0.858,0.0936,0.00378,1,0.948
All I Ever Want Is Everything,Blu DeTiger,4JxNOssbmVimAyBNN6pvHV,Dangerous Game,spotify:track:4JxNOssbmVimAyBNN6pvHV,0.0748,0.725,37,0.0441,0.879,0.369,0.0,1,0.558
"NASHVILLE, TENNESSEE",ERNEST,0wJmXxgBjAN8OrStWjEJS9,You Don't Have To Die,spotify:track:0wJmXxgBjAN8OrStWjEJS9,0.313,0.506,"",0.0247,0.258,0.168,0.0285,1,0.523
Pandora,Wisp,5ZKWXHh40U2QX1NHiWTnTk,Luna,spotify:track:5ZKWXHh40U2QX1NHiWTnTk,0.028,0.328,47,0.0336,0.161,0.103,0.922,1,0.482
Feeling Good,Hypaton,2rtkijCiF44Uy4EqBhOsQP,Feeling Good,spotify:track:2rtkijCiF44Uy4EqBhOsQP,0.0379,0.598,"",0.0997,0.0357,0.139,0.0841,0,0.985
Townie,X Ambassadors,6QfundULpaM2BSV7tcxBsL,Smoke On the Highway,spotify:track:6QfundULpaM2BSV7tcxBsL,0.681,0.331,58,0.0428,0.266,0.0876,4.51E-5,1,0.674
Locked Up,Sam Hunt,3Xbp9DIA7UseGAP530dpcI,Outskirts,spotify:track:3Xbp9DIA7UseGAP530dpcI,0.227,0.545,46,0.0385,0.199,0.125,0.0,1,0.76
"Good Luck, Babe!",Chappell Roan,0WbMK4wrZ1wFSty9F7FCgu,"Good Luck, Babe!",spotify:track:0WbMK4wrZ1wFSty9F7FCgu,0.0495,0.698,77,0.0356,0.799,0.0934,0.0,0,0.577
11:11 (Deluxe),Chris Brown,2wtgjnAjszqj26XZv2rcN9,No One Else (feat. Fridayy),spotify:track:2wtgjnAjszqj26XZv2rcN9,0.0552,0.695,21,0.0436,0.291,0.125,1.02E-5,0,0.798
You Promised A Lifetime,Myles Smith,2jTuy90JMdLuDtSQyjLaiQ,My Home,spotify:track:2jTuy90JMdLuDtSQyjLaiQ,0.345,0.753,51,0.035,0.547,0.192,0.00104,1,0.485
"NASHVILLE, TENNESSEE",ERNEST,6KQTiNgEbTRMREYeVCZMXU,Hangin’ On (feat. Morgan Wallen),spotify:track:6KQTiNgEbTRMREYeVCZMXU,0.451,0.532,"",0.0287,0.573,0.0943,0.0,0,0.789
Bryson Tiller,Bryson Tiller,4mpROZ2Z2chgoh7TPywPWU,Prize,spotify:track:4mpROZ2Z2chgoh7TPywPWU,0.0429,0.591,63,0.0968,0.205,0.15,0.0,1,0.534
Steppas,A Boogie Wit da Hoodie,1NIYStZPXSEwxoeX28lK5e,Steppas,spotify:track:1NIYStZPXSEwxoeX28lK5e,0.0125,0.74,74,0.0694,0.521,0.11,0.0,0,0.756
The Mountain Is You,Chance Peña,6IiAEnXYsSD5De5M502OBa,The Mountain Is You,spotify:track:6IiAEnXYsSD5De5M502OBa,0.768,0.29,"",0.0374,0.076,0.119,0.0756,1,0.236
Illusion,Dua Lipa,59xD5osEFsaNt5PXfIKUnX,Illusion,spotify:track:59xD5osEFsaNt5PXfIKUnX,0.0277,0.679,"",0.0472,0.709,0.106,2.59E-6,0,0.772
COWBOY CARTER,Beyoncé,1fp4DIjhHyptQWK00CZgFQ,DOLLY P,spotify:track:1fp4DIjhHyptQWK00CZgFQ,0.565,0.873,52,0.221,0.945,0.464,0.0,1,0.363
I'M DOING IT AGAIN BABY!,girl in red,6LK3rmeoEfVYtH8B6qbwZg,DOING IT AGAIN BABY,spotify:track:6LK3rmeoEfVYtH8B6qbwZg,0.00616,0.579,"",0.0432,0.76,0.425,5.25E-6,1,0.898
L o s e M y M i n d,PARTYNEXTDOOR,7vRNfBcZAT969BKodO9Iiv,R e a l W o m a n,spotify:track:7vRNfBcZAT969BKodO9Iiv,0.554,0.68,34,0.0544,0.14,0.085,1.29E-5,1,0.613
lil' freak,bbno$,6guIMfoWJvsCXQxNsAtWPN,lil' freak,spotify:track:6guIMfoWJvsCXQxNsAtWPN,0.0332,0.837,73,0.0865,0.846,0.146,7.67E-6,1,0.811
Fireworks & Rollerblades,Benson Boone,5mAZafmZZGSsYHafV9n2i5,What Do You Want,spotify:track:5mAZafmZZGSsYHafV9n2i5,0.197,0.375,65,0.0705,0.211,0.0839,0.0,1,0.682
att.,Young Miko,7p4PLlIurk63ErUi6pErra,arcoíris,spotify:track:7p4PLlIurk63ErUi6pErra,0.223,0.764,65,0.232,0.588,0.212,0.0,0,0.542
"NASHVILLE, TENNESSEE",ERNEST,3TNVeSrxyXQoHmwmjYefRz,Never Said I Love You,spotify:track:3TNVeSrxyXQoHmwmjYefRz,0.113,0.548,"",0.0245,0.544,0.188,1.47E-4,1,0.726
Ehhthang Ehhthang,GloRilla,0SNIukv9BX1Sv9YGpsokgN,In Dat Mode,spotify:track:0SNIukv9BX1Sv9YGpsokgN,0.00312,0.875,59,0.272,0.653,0.083,0.0,1,0.886
Country,Medium Build,6iyNRQsrrbqQ9IEJsq5t0U,Beach Chair,spotify:track:6iyNRQsrrbqQ9IEJsq5t0U,0.706,0.532,48,0.0671,0.388,0.176,6.54E-5,1,0.567
Ehhthang Ehhthang,GloRilla,2lynIxLBNW2SrBeDOVpxyB,Opp Shit,spotify:track:2lynIxLBNW2SrBeDOVpxyB,0.0106,0.879,60,0.292,0.678,0.394,0.0,1,0.723
11:11 (Deluxe),Chris Brown,0OBdw1mqH8DuCksmvxIutK,Afterlife,spotify:track:0OBdw1mqH8DuCksmvxIutK,0.0198,0.622,32,0.0435,0.371,0.11,0.0,0,0.689
Gamma,Gesaffelstein,56PFZr5nt5uXTDVSGh6LMJ,The Perfect,spotify:track:56PFZr5nt5uXTDVSGh6LMJ,0.0111,0.505,48,0.0454,0.483,0.901,0.19,1,0.735
"NASHVILLE, TENNESSEE",ERNEST,485DDxU5Wa5B9oGCNNs0HV,Life Goes On,spotify:track:485DDxU5Wa5B9oGCNNs0HV,0.439,0.537,"",0.0361,0.524,0.114,5.93E-5,1,0.647
Skin to Skin,Amira Elfeky,4iB5WxMaCD5kKF2SAcxXwF,Tonight - Symphony,spotify:track:4iB5WxMaCD5kKF2SAcxXwF,0.00396,0.398,41,0.0374,0.262,0.117,0.105,0,0.569
The 502s,The 502s,64pEi4sh2f5eYoAgIwXTOz,Daydream,spotify:track:64pEi4sh2f5eYoAgIwXTOz,0.583,0.759,"",0.032,0.554,0.0935,0.0,1,0.506
Might Delete Later,J. Cole,4J9WveqdoaEUQu1aeoSH9X,Ready ‘24 (feat. Cam’ron),spotify:track:4J9WveqdoaEUQu1aeoSH9X,0.114,0.449,77,0.323,0.242,0.241,0.0,1,0.697
Mary Boone,Vampire Weekend,4RNSq9Uaj6nESBmoLnW3SF,Gen-X Cops,spotify:track:4RNSq9Uaj6nESBmoLnW3SF,0.0067,0.52,49,0.0458,0.355,0.199,0.00555,1,0.841
Older,Lizzy McAlpine,0OQFriWHtnIzsRp3uImlGt,"Drunk, Running",spotify:track:0OQFriWHtnIzsRp3uImlGt,0.75,0.313,67,0.0368,0.21,0.0976,6.38E-4,1,0.444
Papercuts,JAY-Z,4maPUW7dq2IaM40RV1NPBP,Numb / Encore,spotify:track:4maPUW7dq2IaM40RV1NPBP,0.0611,0.684,"",0.147,0.791,0.255,0.0,1,0.752
Strong,Tyler Hubbard,5Drvz76GaJQAML2Soltaq6,American Mellencamp,spotify:track:5Drvz76GaJQAML2Soltaq6,0.00184,0.639,"",0.036,0.317,0.693,6.25E-6,1,0.726
Bad For Me,Chayce Beckham,5bmYZ07tYpgvVQK3gnMdes,If I Had A Week,spotify:track:5bmYZ07tYpgvVQK3gnMdes,0.904,0.498,34,0.03,0.418,0.111,1.41E-6,1,0.273
garage sale,BETWEEN FRIENDS,3yi0PyfMCv8Oe1lczTDCja,Eyes on my baby,spotify:track:3yi0PyfMCv8Oe1lczTDCja,0.0623,0.759,"",0.057,0.414,0.118,0.0,1,0.687
Bad For Me,Chayce Beckham,0c7fhqwyv9bvdOhHBSkQib,Bad For Me,spotify:track:0c7fhqwyv9bvdOhHBSkQib,0.498,0.476,38,0.0266,0.178,0.109,1.58E-5,1,0.402
att.,Young Miko,20ubMMwoL8zs9hDZ149aPl,MADRE,spotify:track:20ubMMwoL8zs9hDZ149aPl,0.318,0.774,63,0.0849,0.48,0.1,0.0,0,0.937
Country,Medium Build,1qai0W2oVkHl8yI5kYQIt4,In My Room,spotify:track:1qai0W2oVkHl8yI5kYQIt4,0.591,0.495,43,0.0464,0.598,0.0895,0.0,1,0.558
Sweet Boy,Malcolm Todd,3gDpuaQWWciAyttVI0NXhD,Sore Throat,spotify:track:3gDpuaQWWciAyttVI0NXhD,0.534,0.685,42,0.0514,0.192,0.226,0.0051,1,0.828
Only God Was Above Us,Vampire Weekend,6OjwIdLlkjCLuOThOwODEY,Mary Boone,spotify:track:6OjwIdLlkjCLuOThOwODEY,0.0917,0.501,62,0.0474,0.395,0.121,0.0434,1,0.65
FINAL (Vol.2),Enrique Iglesias,5zkZazxkRze7ub2fT8Xv8u,La Botella,spotify:track:5zkZazxkRze7ub2fT8Xv8u,0.0271,0.665,67,0.132,0.545,0.307,0.0,1,0.824
A LA SALA,Khruangbin,4KMMzqVU3SL9U2JPmwfvsb,Farolim de Felgueiras,spotify:track:4KMMzqVU3SL9U2JPmwfvsb,0.991,0.251,62,0.0363,0.0974,0.283,0.904,0,0.157
Next Semester,Twenty One Pilots,3FY3To5u7m61SO7mMKELzM,Overcompensate (edit),spotify:track:3FY3To5u7m61SO7mMKELzM,0.0132,0.388,61,0.12,0.385,0.131,2.44E-4,1,0.881
Way Out Here,Riley Green,6Jp2r3WXDaQ61f1ydATsVS,Jesus Saves,spotify:track:6Jp2r3WXDaQ61f1ydATsVS,0.827,0.464,"",0.0278,0.354,0.115,0.0,1,0.298
"NASHVILLE, TENNESSEE",ERNEST,3CowWV9MOYpMN6sZBqz9rF,Creep (feat. HARDY),spotify:track:3CowWV9MOYpMN6sZBqz9rF,0.405,0.475,"",0.029,0.347,0.206,3.17E-4,1,0.629
Scarlet 2 CLAUDE,Doja Cat,3Vlt0DKYBK0h3Vf92nywhp,OKLOSER,spotify:track:3Vlt0DKYBK0h3Vf92nywhp,0.0255,0.898,74,0.303,0.883,0.0835,0.0,1,0.674
The 502s,The 502s,50ukZynzYykko64M4MKkbq,"Older, Up, and Wiser",spotify:track:50ukZynzYykko64M4MKkbq,0.771,0.573,"",0.0392,0.355,0.107,0.00204,1,0.574
UNDEFEATED,XG,0NrObqc8nK1XcDNPJNBKRV,UNDEFEATED,spotify:track:0NrObqc8nK1XcDNPJNBKRV,0.0606,0.798,"",0.156,0.537,0.107,0.0,1,0.69
Townie,X Ambassadors,4xQuaQuYyR9L4zKrNbunCq,Rashad,spotify:track:4xQuaQuYyR9L4zKrNbunCq,0.0058,0.593,41,0.0425,0.827,0.0683,0.06,1,0.78
FINAL (Vol.2),Enrique Iglesias,7lzjwNjWzct4KiG8LOsNnc,Be Together,spotify:track:7lzjwNjWzct4KiG8LOsNnc,0.219,0.683,48,0.0348,0.376,0.113,3.79E-4,1,0.673
86Sentra,NxWorries,5ev2sC94N3pG9H2Rv4IAfk,Where I Go (feat. H.E.R.),spotify:track:5ev2sC94N3pG9H2Rv4IAfk,0.732,0.629,51,0.223,0.773,0.0975,9.28E-4,1,0.397
Pigeons & Planes presents: See You Next Year 2,AG Club,6peRrE7bdrMor2fLDOdh9U,Fatboy,spotify:track:6peRrE7bdrMor2fLDOdh9U,0.3,0.613,37,0.085,0.475,0.12,0.144,0,0.507
un mechón de pelo,TINI,1A2iEt3LpHuVEH5Dz2Lrer,ellas,spotify:track:1A2iEt3LpHuVEH5Dz2Lrer,0.851,0.436,"",0.0543,0.545,0.238,1.36E-6,1,0.4
garage sale,BETWEEN FRIENDS,4ezZ31HcRsE7zMNy73z9js,Really good cry,spotify:track:4ezZ31HcRsE7zMNy73z9js,0.0141,0.579,"",0.11,0.76,0.0874,2.9E-5,0,0.863
USB,Fred again..,4sHXKCcNR8CSifCNUhYwuW,stayinit,spotify:track:4sHXKCcNR8CSifCNUhYwuW,0.003,0.699,57,0.122,0.132,0.244,0.00511,0,0.755
11:11 (Deluxe),Chris Brown,6WUkjtKniX6z1JpH3twAry,Angel Numbers / Ten Toes,spotify:track:6WUkjtKniX6z1JpH3twAry,0.192,0.406,27,0.0501,0.0905,0.175,0.0,0,0.5
Skin to Skin,Amira Elfeky,7AMelgIvI1tSFC1QUQPl5Q,A Dozen Roses,spotify:track:7AMelgIvI1tSFC1QUQPl5Q,3.2E-5,0.407,43,0.0436,0.286,0.436,3.23E-4,1,0.744
Gamma,Gesaffelstein,39A7HJxjtpSTTxnVgoVwuD,Psycho,spotify:track:39A7HJxjtpSTTxnVgoVwuD,0.0111,0.611,47,0.0461,0.341,0.0997,0.653,1,0.926
My Fun,Suki Waterhouse,306xT15GTuDs3NyopIANrh,My Fun,spotify:track:306xT15GTuDs3NyopIANrh,0.115,0.445,25,0.134,0.847,0.274,0.00263,1,0.699
11:11 (Deluxe),Chris Brown,7tCXAPpAmUkdwrMtbCwoPH,Closer,spotify:track:7tCXAPpAmUkdwrMtbCwoPH,0.0352,0.485,18,0.107,0.215,0.113,0.0,0,0.635
Country,Medium Build,6nUrMYtDV8ESLTiPebQEqY,Relief,spotify:track:6nUrMYtDV8ESLTiPebQEqY,0.487,0.634,42,0.0389,0.579,0.163,0.013,1,0.485
Skin to Skin,Amira Elfeky,2iiBRLeAWVr20kf1XN4zZu,Secrets,spotify:track:2iiBRLeAWVr20kf1XN4zZu,0.00405,0.433,55,0.0575,0.462,0.0948,0.00702,0,0.881
My Fun,Suki Waterhouse,6t3RJKJh8DYIaYh82Xy2LJ,Faded,spotify:track:6t3RJKJh8DYIaYh82Xy2LJ,0.338,0.578,23,0.0253,0.46,0.241,0.0,1,0.688
Sweet Boy,Malcolm Todd,3jcw3xe2YsP5IlMwaahetO,Thailand,spotify:track:3jcw3xe2YsP5IlMwaahetO,0.301,0.568,43,0.0842,0.401,0.255,0.0,0,0.558
Only God Was Above Us,Vampire Weekend,3Oko2TgOzXPLlE2dbbsNKV,Connect,spotify:track:3Oko2TgOzXPLlE2dbbsNKV,0.285,0.401,64,0.11,0.419,0.348,0.105,1,0.661
Ohio Players,The Black Keys,2KpZR7pwzvyujYPb668LD4,Live Till I Die,spotify:track:2KpZR7pwzvyujYPb668LD4,0.00373,0.369,57,0.0433,0.712,0.0543,1.68E-4,1,0.872
Next Semester,Twenty One Pilots,4T8g1HSfIM4tFyGHZffr54,Overcompensate,spotify:track:4T8g1HSfIM4tFyGHZffr54,0.00992,0.363,66,0.0978,0.331,0.134,0.00183,0,0.891
FINAL (Vol.2),Enrique Iglesias,4whXahq4SMZQM1f6z5t8lg,Me Voy Acostumbrando,spotify:track:4whXahq4SMZQM1f6z5t8lg,0.327,0.796,52,0.0451,0.855,0.205,1.52E-4,1,0.78
Papercuts,Linkin Park,4xD1K6jb8J00BDE2u8Wq6z,Friendly Fire,spotify:track:4xD1K6jb8J00BDE2u8Wq6z,0.00675,0.278,"",0.0601,0.252,0.258,0.0,0,0.68
Yellow - Spotify Singles,jxdn,6VDuCryADxIMCNLCfyovtO,Yellow - Spotify Singles,spotify:track:6VDuCryADxIMCNLCfyovtO,0.00131,0.398,"",0.0325,0.252,0.1,8.18E-4,1,0.703
Through the Smoke,Nate Smith,06JJLQ1pKNqaVJX9PGh561,Heart-Shaped Box,spotify:track:06JJLQ1pKNqaVJX9PGh561,0.00182,0.456,49,0.0642,0.304,0.22,0.0,1,0.864
Through the Smoke,Nate Smith,2qNHwLr91x4egeP7nqWzJU,Rather Be Lonely,spotify:track:2qNHwLr91x4egeP7nqWzJU,0.0053,0.528,53,0.0921,0.628,0.102,0.0,1,0.913
11:11 (Deluxe),Chris Brown,2JfRd9fkzyZge8BZzs7aUI,Hmmm (feat. Davido),spotify:track:2JfRd9fkzyZge8BZzs7aUI,0.00665,0.764,36,0.038,0.614,0.213,1.89E-4,1,0.829
Scarlet 2 CLAUDE,Doja Cat,7ySomh970PPhc5CJFlAHLq,Ouchies,spotify:track:7ySomh970PPhc5CJFlAHLq,0.0194,0.854,56,0.139,0.794,0.108,2.41E-6,1,0.808
Strong,Tyler Hubbard,5MPhFys3qJb0eKhNFjylS6,Summer Talkin',spotify:track:5MPhFys3qJb0eKhNFjylS6,0.0404,0.6,"",0.0467,0.76,0.316,0.0,1,0.845
"NASHVILLE, TENNESSEE",ERNEST,4JAfYcZzSSZ9rO9x0YAHBa,Sayin’ You Love Me,spotify:track:4JAfYcZzSSZ9rO9x0YAHBa,0.0969,0.472,"",0.0309,0.576,0.253,7.44E-6,0,0.817
COWBOY CARTER,Beyoncé,7pkqvejfDmeLen9MrnppQr,OH LOUISIANA,spotify:track:7pkqvejfDmeLen9MrnppQr,0.728,0.504,79,0.0408,0.849,0.717,0.313,1,0.378
All I Ever Want Is Everything,Blu DeTiger,15fc3LuiHrGcDrFqFNGepQ,You Say,spotify:track:15fc3LuiHrGcDrFqFNGepQ,0.629,0.646,31,0.0384,0.536,0.135,5.16E-5,1,0.46
Scarlet 2 CLAUDE,Doja Cat,0x7SY7itloR8p37gw4anqz,Attention,spotify:track:0x7SY7itloR8p37gw4anqz,0.13,0.758,52,0.244,0.395,0.109,0.0173,1,0.587
Country,Medium Build,4koDjFHualV1u6yndB5rhD,Known By None,spotify:track:4koDjFHualV1u6yndB5rhD,0.0754,0.474,41,0.124,0.516,0.335,0.0,1,0.949
Illusion,Dua Lipa,6DPrUGpeeza8rYhYjRnOeA,Illusion - Acapella,spotify:track:6DPrUGpeeza8rYhYjRnOeA,0.792,0.72,"",0.0718,0.577,0.0705,0.0,1,0.161
Strong,Tyler Hubbard,4qW7HdFjEdpxNiO4tQ0yjt,Turn,spotify:track:4qW7HdFjEdpxNiO4tQ0yjt,0.0565,0.467,"",0.035,0.442,0.242,0.0,1,0.787
"NASHVILLE, TENNESSEE",ERNEST,0yiKkxNDYiNq1FObXS70s7,How'd We Get Here,spotify:track:0yiKkxNDYiNq1FObXS70s7,0.3,0.594,"",0.0292,0.872,0.37,0.0037,1,0.769
Keep It Up,Good Neighbours,3B7cm8w1IAfOfgQHFvAsft,Keep It Up,spotify:track:3B7cm8w1IAfOfgQHFvAsft,0.00833,0.447,64,0.117,0.344,0.211,7.27E-4,1,0.838
GOD IS GOOD,Forrest Frank,7L6ZszJY3GxrbpOWaRGcLE,GOOD DAY,spotify:track:7L6ZszJY3GxrbpOWaRGcLE,0.061,0.712,"",0.144,0.716,0.145,0.0,1,0.682
GOD IS GOOD,Forrest Frank,7orzaO1dvJrphGPKCoKTbJ,LOW KEY,spotify:track:7orzaO1dvJrphGPKCoKTbJ,0.374,0.807,"",0.137,0.755,0.0995,0.0,1,0.654
overseas,Ken Carson,7ovB5FvDwq1g7AG9ICYaNY,overseas,spotify:track:7ovB5FvDwq1g7AG9ICYaNY,0.00262,0.464,"",0.0313,0.205,0.131,0.0,0,0.827
Pandora,Wisp,7J6Kw5l4RZVTYhcvwp6ftM,Mimi,spotify:track:7J6Kw5l4RZVTYhcvwp6ftM,0.02,0.381,46,0.0317,0.0654,0.0923,0.718,1,0.564
Sweet Boy,Malcolm Todd,4RYRUDApJsPKTJIvBUz6a5,Hot in NY,spotify:track:4RYRUDApJsPKTJIvBUz6a5,0.204,0.859,41,0.0442,0.838,0.222,0.034,0,0.679
"Love You, Miss You, Mean It",Luke Bryan,2b98AhAxuK5i4YUHaQ7eQR,"Love You, Miss You, Mean It",spotify:track:2b98AhAxuK5i4YUHaQ7eQR,0.0185,0.45,63,0.0419,0.591,0.0858,2.74E-6,1,0.812
Where The Joy Is,We Are Messengers,1hmvM542L5jSQ6ZJjB7jTc,A Thousand Times,spotify:track:1hmvM542L5jSQ6ZJjB7jTc,0.00338,0.567,35,0.0538,0.446,0.294,7.99E-5,1,0.807
favorite,Isabel LaRosa,10PsEwmFKLK31Nqc1utxIK,favorite - english,spotify:track:10PsEwmFKLK31Nqc1utxIK,0.00454,0.729,67,0.139,0.569,0.0913,0.00311,0,0.621
A LA SALA,Khruangbin,5DBZcCoAThn4PTFJaTdYgC,Caja de la Sala,spotify:track:5DBZcCoAThn4PTFJaTdYgC,0.963,0.196,60,0.0375,0.0347,0.118,0.909,0,0.0364
Found Heaven,Conan Gray,4h2KgbKNdOSVC3IJnFOFoV,Alley Rose,spotify:track:4h2KgbKNdOSVC3IJnFOFoV,0.00681,0.223,66,0.037,0.281,0.109,0.0,1,0.658
11:11 (Deluxe),Chris Brown,6qD1ZIP1DwGgrYXwtKZD5t,That's On You (feat. Future),spotify:track:6qD1ZIP1DwGgrYXwtKZD5t,0.208,0.477,23,0.202,0.525,0.135,0.0,0,0.722
Scarlet 2 CLAUDE,Doja Cat,3TDnApyHWsMzCzpQLdUSg0,Fuck The Girls (FTG),spotify:track:3TDnApyHWsMzCzpQLdUSg0,0.196,0.764,57,0.273,0.643,0.111,3.46E-5,1,0.72
Bryson Tiller,Bryson Tiller,5T7Gzs5ppc5eaHLGgsMvbn,Outside,spotify:track:5T7Gzs5ppc5eaHLGgsMvbn,0.132,0.754,61,0.0856,0.793,0.143,0.0,1,0.522
SLUT ME OUT 2,NLE Choppa,22yRHdYBLZMi7xnvBioqkP,SLUT ME OUT 2,spotify:track:22yRHdYBLZMi7xnvBioqkP,0.0383,0.718,"",0.235,0.456,0.0547,0.0,1,0.624
Keep It Up,Good Neighbours,609IlWeoziOobNvON3rDzi,Home,spotify:track:609IlWeoziOobNvON3rDzi,0.0289,0.583,41,0.0298,0.134,0.121,0.0634,1,0.676
Where The Joy Is,We Are Messengers,1MJ1jFf6KRJxf1axrGnKKW,My Hope Is In You,spotify:track:1MJ1jFf6KRJxf1axrGnKKW,0.132,0.552,30,0.0734,0.504,0.181,0.0,0,0.891
Fireworks & Rollerblades,Benson Boone,3xkHsmpQCBMytMJNiDf3Ii,Beautiful Things,spotify:track:3xkHsmpQCBMytMJNiDf3Ii,0.151,0.472,79,0.0603,0.219,0.14,0.0,1,0.471
Fireworks & Rollerblades,Benson Boone,1LwYxucxNaw2MazAs2okBw,My Greatest Fear,spotify:track:1LwYxucxNaw2MazAs2okBw,0.0817,0.524,68,0.0304,0.385,0.196,0.0,1,0.612
Pigeons & Planes presents: See You Next Year 2,See You Next Year,5GeaeN06huREyfkJS9G5pf,I tried,spotify:track:5GeaeN06huREyfkJS9G5pf,0.346,0.615,30,0.0326,0.349,0.374,0.00122,0,0.387
USB,Fred again..,74cQSljwBwRAHbuXHf2HYs,Admit It (u dont want 2),spotify:track:74cQSljwBwRAHbuXHf2HYs,0.00923,0.761,53,0.141,0.49,0.098,0.00867,0,0.958
Mood Swings,Marcus King,2GKiJcQfvBCsjciiEGRGLf,This Far Gone,spotify:track:2GKiJcQfvBCsjciiEGRGLf,0.451,0.545,43,0.0916,0.705,0.365,1.49E-6,1,0.537
Bad For Me,Chayce Beckham,5G1Ze0Uv6mChFjDmzGCZ1N,Waylon In '75,spotify:track:5G1Ze0Uv6mChFjDmzGCZ1N,0.0096,0.409,42,0.0417,0.581,0.268,0.0,1,0.808
genre : sadboy,mgk,05TrHslexQPuqW3bGjYnin,lost boys,spotify:track:05TrHslexQPuqW3bGjYnin,0.732,0.61,70,0.0427,0.296,0.111,0.0,1,0.363
Silence Is Loud,Nia Archives,3FwfEBrr6MUPFqQFGY2ZKw,So Tell Me…,spotify:track:3FwfEBrr6MUPFqQFGY2ZKw,0.0552,0.563,"",0.0316,0.162,0.0972,0.0316,1,0.641
"NASHVILLE, TENNESSEE",ERNEST,1nG42AEm0VQrRz0DIK2WBG,Kiss Of Death,spotify:track:1nG42AEm0VQrRz0DIK2WBG,0.00111,0.5,"",0.0327,0.567,0.112,1.22E-5,0,0.856
att.,Young Miko,1jwXn7H1UDANmEvw6bfDr6,wiggy,spotify:track:1jwXn7H1UDANmEvw6bfDr6,0.0442,0.853,60,0.266,0.718,0.0759,0.0,1,0.791
Country,Medium Build,4SE5xm58Fx213Kt9PdPXXm,Say It Back,spotify:track:4SE5xm58Fx213Kt9PdPXXm,0.905,0.362,41,0.0449,0.242,0.312,2.85E-4,1,0.2
Bad For Me,Chayce Beckham,1Xrqv3yPqTgxhZ6uOnIPut,Mama,spotify:track:1Xrqv3yPqTgxhZ6uOnIPut,0.0809,0.544,35,0.0286,0.199,0.138,0.0,1,0.432
Only God Was Above Us,Vampire Weekend,4DlGLD32K7shuL8ub067DL,Classical,spotify:track:4DlGLD32K7shuL8ub067DL,0.0614,0.333,64,0.0364,0.416,0.359,7.28E-4,1,0.766
Ohio Players,The Black Keys,7DHlJLCXFlny3WhjnEL9qY,I Forgot To Be Your Lover,spotify:track:7DHlJLCXFlny3WhjnEL9qY,0.0261,0.342,58,0.0441,0.467,0.0792,1.12E-4,0,0.786
MANIFESTING 20-05,Feid,14LaTeixKug7O2jNMK8u1C,Fecha,spotify:track:14LaTeixKug7O2jNMK8u1C,0.0903,0.686,59,0.12,0.722,0.218,0.0,1,0.791
Where The Joy Is,We Are Messengers,63sRGMiGCSec4TciR1wiP5,Worthy Of Being Loved,spotify:track:63sRGMiGCSec4TciR1wiP5,0.539,0.643,31,0.0437,0.185,0.0854,2.94E-4,1,0.55
Older,Lizzy McAlpine,3tcCT8WhAIeRW2Ey9M4bL5,Staying,spotify:track:3tcCT8WhAIeRW2Ey9M4bL5,0.844,0.496,63,0.0303,0.334,0.119,5.3E-5,1,0.214
Fireworks & Rollerblades,Benson Boone,4jWCFYhDAqOLClw5dFvk8O,There She Goes,spotify:track:4jWCFYhDAqOLClw5dFvk8O,0.176,0.324,67,0.0856,0.255,0.215,0.0,1,0.675
Bad For Me,Chayce Beckham,4QLQakIfGYdSBtkTKMYZmu,Drink You Off My Mind,spotify:track:4QLQakIfGYdSBtkTKMYZmu,0.00912,0.609,40,0.0385,0.574,0.385,6.03E-4,1,0.923
Townie,X Ambassadors,2RvAYUjhQy1LA5R9156WSB,Follow the Sound of My Voice,spotify:track:2RvAYUjhQy1LA5R9156WSB,0.729,0.475,43,0.0261,0.297,0.132,5.84E-6,1,0.394
Fireworks & Rollerblades,Benson Boone,0UMYAu9R05dDc4dWh5xWhd,Friend,spotify:track:0UMYAu9R05dDc4dWh5xWhd,0.783,0.507,65,0.0909,0.304,0.107,0.0,1,0.543
Papercuts,Linkin Park,0LZpZsEaugeerkqpIDzPHe,Somewhere I Belong,spotify:track:0LZpZsEaugeerkqpIDzPHe,3.09E-4,0.424,"",0.0702,0.39,0.272,0.0,1,0.929
Forever To Me,Cole Swindell,2j3HIMVaepfCQtS6EE7NV5,3 Feet Tall,spotify:track:2j3HIMVaepfCQtS6EE7NV5,0.741,0.606,"",0.0359,0.472,0.0619,0.0,1,0.679
Townie,X Ambassadors,2GZVO9QH3pN8LTYJyoaix0,Women's Jeans,spotify:track:2GZVO9QH3pN8LTYJyoaix0,0.252,0.443,41,0.215,0.376,0.553,4.36E-5,1,0.638
Bryson Tiller,Bryson Tiller,7tr8SXmP9j0uVqUU0qoapb,Attention,spotify:track:7tr8SXmP9j0uVqUU0qoapb,0.0735,0.568,68,0.0576,0.496,0.0967,2.28E-5,0,0.731
Silence Is Loud,Nia Archives,2FlY3tYbBDOExnLhjUZxlc,Silence Is Loud,spotify:track:2FlY3tYbBDOExnLhjUZxlc,1.24E-4,0.445,"",0.132,0.458,0.698,0.714,0,0.927
11:11 (Deluxe),Chris Brown,3G5pmIEXVDrEERi5OYSKWb,Moonlight,spotify:track:3G5pmIEXVDrEERi5OYSKWb,0.0684,0.565,19,0.066,0.515,0.152,0.0,0,0.727
Silence Is Loud,Nia Archives,6c21bVRfGC8IOXvQVQ2UTb,Forbidden Feelingz,spotify:track:6c21bVRfGC8IOXvQVQ2UTb,0.148,0.51,"",0.152,0.583,0.179,0.279,0,0.783
All I Ever Want Is Everything,Blu DeTiger,76rW1yADQ3OJlUKBxyj7fB,Hey You,spotify:track:76rW1yADQ3OJlUKBxyj7fB,0.00203,0.844,33,0.0543,0.843,0.317,0.0227,1,0.731
11:11 (Deluxe),Chris Brown,4kA2KmEZg6FudWdWQvkfow,Feel Something,spotify:track:4kA2KmEZg6FudWdWQvkfow,0.0138,0.641,22,0.0336,0.177,0.12,0.0,1,0.509
genre : sadboy,mgk,3jJNV9XLsjWktDjqGHXh94,half dead,spotify:track:3jJNV9XLsjWktDjqGHXh94,0.674,0.592,67,0.0463,0.271,0.0859,0.0,0,0.443
COWBOY CARTER,Beyoncé,6XXxKsu3RJeN3ZvbMYrgQW,16 CARRIAGES,spotify:track:6XXxKsu3RJeN3ZvbMYrgQW,0.382,0.525,82,0.0798,0.342,0.167,0.0,1,0.456
11:11 (Deluxe),Chris Brown,5AeEH69Mp87Zx3wNmyeAK0,Bruce Lee,spotify:track:5AeEH69Mp87Zx3wNmyeAK0,0.575,0.457,39,0.0571,0.463,0.128,0.0,0,0.594
Sweet Boy,Malcolm Todd,59c2xv2kMzYM6HR9oY6BIa,Sweet Boy,spotify:track:59c2xv2kMzYM6HR9oY6BIa,0.367,0.774,46,0.0309,0.707,0.298,2.75E-6,0,0.371
A Bar Song (Tipsy),Shaboozey,1SviOIgEA8sEPVgYEdCpnh,A Bar Song (Tipsy),spotify:track:1SviOIgEA8sEPVgYEdCpnh,0.0477,0.572,"",0.035,0.369,0.374,0.0,1,0.777
Pandora,Wisp,1z8nQqjNwNtuj0aoALh7gf,Enough for you,spotify:track:1z8nQqjNwNtuj0aoALh7gf,2.45E-4,0.518,45,0.0354,0.239,0.111,0.704,1,0.639
Only God Was Above Us,Vampire Weekend,4oAGV7IADPWfkpk6aGQqZt,Capricorn,spotify:track:4oAGV7IADPWfkpk6aGQqZt,0.142,0.566,64,0.0303,0.558,0.0929,7.43E-4,1,0.641
Endiamantado / Entre las de 20,Bizarrap,3184c0tjCakg9oaNZYJODD,Entre las de 20,spotify:track:3184c0tjCakg9oaNZYJODD,0.145,0.757,80,0.0471,0.737,0.106,0.0,0,0.682
Ohio Players,The Black Keys,4c7iXNRiy72rMXfRTR9V0V,On The Game,spotify:track:4c7iXNRiy72rMXfRTR9V0V,0.0131,0.313,65,0.0335,0.412,0.122,6.58E-4,1,0.791
Might Delete Later,J. Cole,1tTKy8pW1dMaXJm7bYrSzA,Stickz N Stonez,spotify:track:1tTKy8pW1dMaXJm7bYrSzA,0.194,0.535,76,0.386,0.471,0.311,0.0,0,0.726
Might Delete Later,J. Cole,4E2fOeF5A6onC10OtnjXJa,Trae The Truth in Ibiza,spotify:track:4E2fOeF5A6onC10OtnjXJa,0.121,0.488,75,0.0987,0.533,0.354,0.0,1,0.586
Townie,X Ambassadors,68pyB1eDufuDzXXhwh4vCQ,No Strings,spotify:track:68pyB1eDufuDzXXhwh4vCQ,0.12,0.572,42,0.0517,0.526,0.0929,0.00547,0,0.78
Papercuts,Linkin Park,2rLaeazDDZz0gGFZhFy8AI,CASTLE OF GLASS,spotify:track:2rLaeazDDZz0gGFZhFy8AI,0.0814,0.615,"",0.0276,0.66,0.122,0.0015,0,0.913
Scarlet 2 CLAUDE,Doja Cat,0FdW7MEbDKdz8v5TXqcFkG,MASC (feat. Teezo Touchdown),spotify:track:0FdW7MEbDKdz8v5TXqcFkG,0.452,0.633,72,0.0311,0.376,0.157,3.25E-6,1,0.474
COWBOY CARTER,Beyoncé,6Y4rniIxibegzsg8cdWAWV,BODYGUARD,spotify:track:6Y4rniIxibegzsg8cdWAWV,0.0137,0.726,85,0.0551,0.539,0.365,2.35E-4,0,0.779
Country,Medium Build,51cy60zgJN9DYmIk75Vk0F,Hey Sandra,spotify:track:51cy60zgJN9DYmIk75Vk0F,0.896,0.601,41,0.0832,0.493,0.0617,2.27E-4,1,0.183
att.,Young Miko,6FhLHBRgQ5ZQDdI5SbTwSD,fuck TMZ,spotify:track:6FhLHBRgQ5ZQDdI5SbTwSD,0.129,0.745,64,0.354,0.668,0.0844,0.0,0,0.65
att.,Young Miko,7s4emXHJwAuo5VvGBXmnBL,offline,spotify:track:7s4emXHJwAuo5VvGBXmnBL,0.181,0.794,76,0.111,0.54,0.105,0.0,0,0.729
Way Out Here,Riley Green,2yB6mzq1xqdNl1akgvJjFs,Damn Good Day To Leave,spotify:track:2yB6mzq1xqdNl1akgvJjFs,0.00375,0.569,"",0.034,0.737,0.363,0.0,1,0.875
Might Delete Later,J. Cole,0NXRZaUn11do0EzDFlXkbj,Pi (feat. Daylyt & Ab-Soul),spotify:track:0NXRZaUn11do0EzDFlXkbj,0.394,0.512,75,0.355,0.627,0.109,0.0,1,0.808
Ehhthang Ehhthang,GloRilla,1nKgk560ybSt7eZLtFAa9p,Finesse Da Glo (feat. Finesse2Tymes),spotify:track:1nKgk560ybSt7eZLtFAa9p,0.0329,0.887,60,0.364,0.595,0.055,0.0,1,0.563
Ehhthang Ehhthang,GloRilla,0KLbL3svWeZyhE02nSW8QG,All Dere (feat. Moneybagg Yo),spotify:track:0KLbL3svWeZyhE02nSW8QG,0.00422,0.828,64,0.324,0.617,0.0653,0.0,1,0.898
11:11 (Deluxe),Chris Brown,2H69x1l1ioPGZ6EuFx4Rm8,Nightmares (feat. Byron Messia),spotify:track:2H69x1l1ioPGZ6EuFx4Rm8,0.254,0.782,20,0.183,0.31,0.0936,0.0,0,0.473
You Promised A Lifetime,Myles Smith,28LuBfuNlDntUBVOYDvDMH,Betting on Us,spotify:track:28LuBfuNlDntUBVOYDvDMH,0.871,0.474,49,0.0326,0.292,0.143,0.0,1,0.332
Bryson Tiller,Bryson Tiller,5GDjl9jB48VB7NdcM8P0Gu,Undertow,spotify:track:5GDjl9jB48VB7NdcM8P0Gu,0.707,0.459,59,0.0309,0.456,0.109,0.0,1,0.41
garage sale,BETWEEN FRIENDS,2q7czxjsGUQRt2oJeUT9yi,Clear - full version,spotify:track:2q7czxjsGUQRt2oJeUT9yi,0.767,0.694,"",0.029,0.715,0.142,0.278,0,0.514
un mechón de pelo,TINI,4eiXf3HZDlrMxDNB1ahhpa,tinta 90,spotify:track:4eiXf3HZDlrMxDNB1ahhpa,0.174,0.592,"",0.0363,0.563,0.148,0.0,1,0.697
att.,Young Miko,77xbxyDkdqpdjCYUn0hoAX,tres tristes tragos,spotify:track:77xbxyDkdqpdjCYUn0hoAX,0.398,0.725,62,0.352,0.662,0.253,0.0,1,0.418
11:11 (Deluxe),Chris Brown,4t4rGgiVX7woTmlnW9SHJ7,Residuals,spotify:track:4t4rGgiVX7woTmlnW9SHJ7,0.342,0.58,29,0.0821,0.171,0.108,0.0,0,0.645
11:11 (Deluxe),Chris Brown,0K9zaYfKzNfNCkEHgggb5r,Press Me,spotify:track:0K9zaYfKzNfNCkEHgggb5r,0.0128,0.506,23,0.4,0.411,0.0645,0.0,0,0.653
Sweet Boy,Malcolm Todd,02TadTMowLwJiGAC64ehyu,Accutane,spotify:track:02TadTMowLwJiGAC64ehyu,0.291,0.634,39,0.0301,0.716,0.103,0.0,0,0.533
Ohio Players,The Black Keys,06OsVIu4Y5LRO4Sp3d5SLs,Every Time You Leave,spotify:track:06OsVIu4Y5LRO4Sp3d5SLs,0.00444,0.487,56,0.0485,0.508,0.0763,7.5E-5,1,0.905
Incredible (feat. Labrinth),Sia,3SOaoZ1AfhMjEMCJrdGKEw,Incredible (feat. Labrinth),spotify:track:3SOaoZ1AfhMjEMCJrdGKEw,0.484,0.754,72,0.0544,0.459,0.198,0.0232,0,0.557
Way Out Here,Riley Green,1osfLqL6L2iQsirRf83ded,Worst Way,spotify:track:1osfLqL6L2iQsirRf83ded,0.0899,0.366,"",0.0324,0.349,0.132,9.94E-4,1,0.492
Bryson Tiller,Bryson Tiller,7BOsIXFUa09SzoocKq9SoT,Assume The Position,spotify:track:7BOsIXFUa09SzoocKq9SoT,0.00991,0.784,61,0.0603,0.772,0.317,2.32E-5,1,0.861
Mood Swings,Marcus King,0boUJBsxCjOMihfXlxxuQ9,Inglewood Motel (Halestorm),spotify:track:0boUJBsxCjOMihfXlxxuQ9,0.463,0.78,44,0.174,0.493,0.0867,2.22E-6,1,0.44
USB,Fred again..,3eHycF4kskcHoDd47DpDZh,Jungle,spotify:track:3eHycF4kskcHoDd47DpDZh,0.00984,0.665,51,0.0391,0.397,0.172,0.394,0,0.727
Illusion,Dua Lipa,6qszJ4PtfQSe9Fs3A0zIIi,Illusion - Instrumental,spotify:track:6qszJ4PtfQSe9Fs3A0zIIi,0.00241,0.658,"",0.0319,0.506,0.082,0.783,1,0.729
COWBOY CARTER,Beyoncé,3ly60iOVqcsdtlMhQ8FcE1,AMEN,spotify:track:3ly60iOVqcsdtlMhQ8FcE1,0.0687,0.333,77,0.0349,0.0913,0.329,4.17E-5,1,0.452
Don't Forget Me,Maggie Rogers,2VWU98gL9ePoBWzjttq3iC,So Sick Of Dreaming,spotify:track:2VWU98gL9ePoBWzjttq3iC,0.0939,0.68,"",0.034,0.738,0.192,5.19E-5,1,0.733
Pandora,Wisp,2VtXANhW6YpAzsMDQCFkAv,Your face,spotify:track:2VtXANhW6YpAzsMDQCFkAv,0.00648,0.5,45,0.0282,0.194,0.158,0.882,1,0.789
Where The Joy Is,We Are Messengers,5NcXfjm9jgfDSXb6H5Dd82,Where The Joy Is,spotify:track:5NcXfjm9jgfDSXb6H5Dd82,2.9E-4,0.623,31,0.0387,0.447,0.176,1.26E-5,1,0.794
Might Delete Later,J. Cole,7JRwdwgeTrYkJvwmecrPSW,3001,spotify:track:7JRwdwgeTrYkJvwmecrPSW,0.122,0.565,75,0.444,0.241,0.0865,0.0,1,0.766
Might Delete Later,J. Cole,6XkIQqAsFjk1XfD4L7G6qR,Fever,spotify:track:6XkIQqAsFjk1XfD4L7G6qR,0.145,0.805,76,0.173,0.167,0.377,1.48E-4,1,0.548
Through the Smoke,Nate Smith,0LlZLe2LpXo62SNndPxCkn,Hollywood,spotify:track:0LlZLe2LpXo62SNndPxCkn,0.0446,0.414,51,0.0331,0.376,0.0757,0.0,1,0.718
Papercuts,Linkin Park,5gNwBUjB2oHS2uvZeAIt4u,Faint,spotify:track:5gNwBUjB2oHS2uvZeAIt4u,0.0899,0.532,"",0.154,0.503,0.0767,0.0,1,0.973
Found Heaven,Conan Gray,19qvgrwvKLFn4KjWxAs9OQ,Eye Of The Night,spotify:track:19qvgrwvKLFn4KjWxAs9OQ,0.0477,0.71,65,0.0404,0.635,0.161,0.0,0,0.902
Bryson Tiller,Bryson Tiller,6TJcnosIlDjN5RBdkCphXJ,Rich Boy,spotify:track:6TJcnosIlDjN5RBdkCphXJ,0.00142,0.625,64,0.0575,0.0916,0.128,0.0,1,0.781
Found Heaven,Conan Gray,61cy3MyZTZkYbKPAoRfzqP,Miss You,spotify:track:61cy3MyZTZkYbKPAoRfzqP,0.024,0.714,65,0.03,0.272,0.167,8.49E-4,1,0.732
Strong,Tyler Hubbard,5KtUilYzUZOvhyrLTlLoXT,Back Then Right Now,spotify:track:5KtUilYzUZOvhyrLTlLoXT,0.0164,0.659,"",0.0541,0.761,0.134,0.0,1,0.865
Silence Is Loud,Nia Archives,5UMyFKs2A333NMYD6sdIc0,Tell Me What It’s Like?,spotify:track:5UMyFKs2A333NMYD6sdIc0,0.00441,0.581,"",0.0551,0.487,0.175,0.00602,0,0.911
"NASHVILLE, TENNESSEE",ERNEST,6ETioMN7Sv9mwzzOE3bW8v,Ain't Right Ain't Wrong,spotify:track:6ETioMN7Sv9mwzzOE3bW8v,0.599,0.499,"",0.0252,0.416,0.0911,3.63E-6,0,0.491
Gamma,Gesaffelstein,7jWVvZHy0xxHiWfcGwecVC,The Urge,spotify:track:7jWVvZHy0xxHiWfcGwecVC,0.126,0.424,48,0.102,0.754,0.0864,0.024,0,0.894
Don't Forget Me,Maggie Rogers,2SSdjwuUQlkO0s6Kb4II8x,It Was Coming All Along,spotify:track:2SSdjwuUQlkO0s6Kb4II8x,0.0928,0.588,"",0.177,0.667,0.195,0.0,1,0.72
The 502s,The 502s,1BkZ7oe3wd8ibYSykJxsSW,Maybe There's A Reason,spotify:track:1BkZ7oe3wd8ibYSykJxsSW,0.0246,0.641,"",0.0406,0.781,0.193,4.84E-6,1,0.671
Sweet Boy,Malcolm Todd,5YBxGJYKJ7Se2Uq7S0pVOL,Art House,spotify:track:5YBxGJYKJ7Se2Uq7S0pVOL,0.563,0.632,45,0.0274,0.333,0.0973,0.0,0,0.406
Femme Fatale (feat. Coi Leray & Kaliii),G-Eazy,3kFRPjcHAlQrfHytP6kR61,Femme Fatale (feat. Coi Leray & Kaliii),spotify:track:3kFRPjcHAlQrfHytP6kR61,0.0191,0.792,65,0.278,0.731,0.128,0.0,1,0.482
Ohio Players,The Black Keys,0At3olUnhR29VyL0eXBkQP,You'll Pay,spotify:track:0At3olUnhR29VyL0eXBkQP,0.0808,0.562,57,0.111,0.736,0.373,0.0,0,0.947
Only God Was Above Us,Vampire Weekend,0NiaHPlgDp7081zSqXuULS,Prep-School Gangsters,spotify:track:0NiaHPlgDp7081zSqXuULS,0.34,0.711,67,0.0262,0.279,0.434,0.00774,1,0.662
Ohio Players,The Black Keys,2meH4dMuvGlooo2tpiPjJp,Beautiful People (Stay High),spotify:track:2meH4dMuvGlooo2tpiPjJp,0.194,0.589,60,0.0472,0.611,0.257,0.00215,1,0.852
Older,Lizzy McAlpine,0UmNhsqUlGWs9h44hIQNAm,Like It Tends To Do,spotify:track:0UmNhsqUlGWs9h44hIQNAm,0.95,0.343,63,0.039,0.072,0.111,2.51E-5,1,0.0496
"NASHVILLE, TENNESSEE",ERNEST,3v3ZK9LevV1yce8DBVPF0L,Twinkle Twinkle (Live at Fenway Park) [feat. Ryman Saint],spotify:track:3v3ZK9LevV1yce8DBVPF0L,0.977,0.449,"",0.427,0.294,0.812,0.0187,1,0.443
I'M DOING IT AGAIN BABY!,girl in red,43bVi48NVZVDClxsXksTtC,Ugly Side,spotify:track:43bVi48NVZVDClxsXksTtC,0.0996,0.622,"",0.0472,0.688,0.115,0.00565,1,0.593
Found Heaven,Conan Gray,1jGC00ZVUuVXwNdJjV17kJ,Boys & Girls,spotify:track:1jGC00ZVUuVXwNdJjV17kJ,0.00161,0.671,65,0.0341,0.811,0.118,4.29E-4,1,0.792
Pigeons & Planes presents: See You Next Year 2,See You Next Year,5AuW0ItRzKW8nelJQQmWnF,My Lili,spotify:track:5AuW0ItRzKW8nelJQQmWnF,0.861,0.596,28,0.0478,0.358,0.498,3.66E-6,1,0.231
A LA SALA,Khruangbin,0juMDnoo3u3uDJ32wjK2BF,Hold Me Up (Thank You),spotify:track:0juMDnoo3u3uDJ32wjK2BF,0.0952,0.638,65,0.0365,0.671,0.125,0.805,1,0.569
11:11 (Deluxe),Chris Brown,3aXS7u5D69h8lxdYSS1T4h,Shooter,spotify:track:3aXS7u5D69h8lxdYSS1T4h,0.135,0.533,21,0.0708,0.329,0.108,2.15E-5,0,0.771
11:11 (Deluxe),Chris Brown,4kqauO6lD6pWslL3sI7SNO,Need A Friend,spotify:track:4kqauO6lD6pWslL3sI7SNO,0.109,0.638,18,0.047,0.427,0.112,0.0,0,0.633
The 502s,The 502s,05di8bjoVOHSD99EQzVKOX,Everything's Changing,spotify:track:05di8bjoVOHSD99EQzVKOX,0.286,0.396,"",0.0535,0.374,0.217,7.7E-5,1,0.639
A LA SALA,Khruangbin,2qex2CuiMVcmtYFTzaiq8z,Les Petits Gris,spotify:track:2qex2CuiMVcmtYFTzaiq8z,0.972,0.437,59,0.0309,0.241,0.124,0.925,0,0.02
Fireworks & Rollerblades,Benson Boone,315aBOUD3xtj7sUMXtRgMV,In The Stars,spotify:track:315aBOUD3xtj7sUMXtRgMV,0.338,0.362,70,0.0528,0.3,0.139,0.0,1,0.54
un mechón de pelo,TINI,3eNenN5eoBwMRNPkmoyk81,buenos aires,spotify:track:3eNenN5eoBwMRNPkmoyk81,0.104,0.643,"",0.027,0.659,0.243,0.0,1,0.787
You Promised A Lifetime,Myles Smith,4ilUlZEEDIoQEHNQCyufL0,Sweet Love,spotify:track:4ilUlZEEDIoQEHNQCyufL0,0.478,0.729,67,0.0285,0.833,0.402,0.0,1,0.571
Scarlet 2 CLAUDE,Doja Cat,0r9slPSMo13LLZer5Zj4Fi,WYM Freestyle,spotify:track:0r9slPSMo13LLZer5Zj4Fi,0.00449,0.895,51,0.273,0.375,0.119,0.00733,1,0.486
att.,Young Miko,1OPvJd8Zss7gvfpANQ1LE0,princess peach,spotify:track:1OPvJd8Zss7gvfpANQ1LE0,0.357,0.901,69,0.144,0.332,0.108,0.0,1,0.359
Ehhthang Ehhthang,GloRilla,6IXjdjcau3mJ1MMX3mTKCw,High AF,spotify:track:6IXjdjcau3mJ1MMX3mTKCw,0.0155,0.835,59,0.269,0.645,0.0575,2.13E-4,1,0.869
All I Ever Want Is Everything,Blu DeTiger,0ddDRUzEM5HJQGCusLSOq8,Expensive Money,spotify:track:0ddDRUzEM5HJQGCusLSOq8,0.0477,0.774,36,0.046,0.88,0.312,0.00249,0,0.786
COWBOY CARTER,Beyoncé,4dsdSwSdBWjlsVzU6iJs3b,PROTECTOR,spotify:track:4dsdSwSdBWjlsVzU6iJs3b,0.861,0.377,81,0.0525,0.574,0.318,0.0,1,0.33
Sweet Boy,Malcolm Todd,4CL6fIvrJwD7XQP0QWyfd3,Rodrick Rules,spotify:track:4CL6fIvrJwD7XQP0QWyfd3,0.223,0.847,41,0.0322,0.878,0.231,0.0012,1,0.684
Espresso,Sabrina Carpenter,2qSkIjg1o9h3YT9RAgYN75,Espresso,spotify:track:2qSkIjg1o9h3YT9RAgYN75,0.133,0.701,"",0.0293,0.661,0.197,1.17E-5,1,0.771
"Cowboy In A Escalade (Spotify OUTSIDE Version) [Live From West Columbia, TX]",That Mexican OT,1w35Va648auSiXaTgimWj0,"Cowboy In An Escalade (Spotify OUTSIDE Version) - Live From West Columbia, TX",spotify:track:1w35Va648auSiXaTgimWj0,0.38,0.641,55,0.0588,0.617,0.171,0.0,0,0.47
Townie,X Ambassadors,7vY8U53Pns5YrJImjIGXR4,(first dam),spotify:track:7vY8U53Pns5YrJImjIGXR4,0.9,0.381,40,0.0465,0.174,0.117,5.05E-4,1,0.0547
"NASHVILLE, TENNESSEE",ERNEST,3FULZo3F26XP00rsLrXTLE,I Went To College / I Went To Jail (feat. Jelly Roll),spotify:track:3FULZo3F26XP00rsLrXTLE,0.0178,0.216,"",0.0351,0.463,0.143,9.79E-6,1,0.711
All I Ever Want Is Everything,Blu DeTiger,0nxPeolI7FlljJ3SnNYDmj,Disappearing (feat. Magdalena Bay),spotify:track:0nxPeolI7FlljJ3SnNYDmj,0.172,0.777,52,0.105,0.436,0.142,0.0786,1,0.673
Scarlet 2 CLAUDE,Doja Cat,29pWNRvG3sugJEr05GgqlQ,HEADHIGH,spotify:track:29pWNRvG3sugJEr05GgqlQ,0.141,0.735,65,0.0369,0.908,0.0981,0.131,0,0.593
att.,Young Miko,5VXYli2kYvZ4RbKi1Udgpc,pinot grigio,spotify:track:5VXYli2kYvZ4RbKi1Udgpc,0.232,0.812,60,0.0709,0.683,0.569,0.0,0,0.556
att.,Young Miko,1B8uMhrUxS7QC2PI9uTgVj,oye ma’,spotify:track:1B8uMhrUxS7QC2PI9uTgVj,0.0311,0.948,61,0.169,0.355,0.114,0.0,1,0.577
Silence Is Loud,Nia Archives,6NBryyJevSG0LAYrxfDCNW,Silence Is Loud (Reprise),spotify:track:6NBryyJevSG0LAYrxfDCNW,0.864,0.328,"",0.0372,0.14,0.592,0.0022,0,0.317
"NASHVILLE, TENNESSEE",ERNEST,5wnEAheGP0vAaYtGs2GAxG,Honkytonk Fairytale,spotify:track:5wnEAheGP0vAaYtGs2GAxG,0.259,0.54,"",0.0278,0.617,0.204,4.3E-5,1,0.644
genre : sadboy,mgk,0hzOn1LI3q2cmXVT6KBogz,time travel,spotify:track:0hzOn1LI3q2cmXVT6KBogz,0.809,0.642,69,0.0497,0.121,0.132,0.0,0,0.479
COWBOY CARTER,Beyoncé,3B7EZgquNKHrSIo2tEc8mK,FLAMENCO,spotify:track:3B7EZgquNKHrSIo2tEc8mK,0.764,0.497,80,0.0274,0.492,0.136,1.5E-6,0,0.351
11:11 (Deluxe),Chris Brown,469pIfZRsMlVamAxYhpm8k,Bouncing / G5,spotify:track:469pIfZRsMlVamAxYhpm8k,0.191,0.423,19,0.18,0.165,0.122,0.0,0,0.567
The 502s,The 502s,3FLwV0IrH5PsMB1LW4HHAC,"hey, honey",spotify:track:3FLwV0IrH5PsMB1LW4HHAC,0.0813,0.643,"",0.0307,0.708,0.228,0.0,1,0.849
The 502s,The 502s,23ypkqV1uZaw7ZED8hFXx0,Road Trips,spotify:track:23ypkqV1uZaw7ZED8hFXx0,0.288,0.745,"",0.0439,0.949,0.103,7.58E-5,1,0.866
Through the Smoke,Nate Smith,4bjec7Fo1bmV4svzKEtXAo,Make It With You (feat. The War And Treaty),spotify:track:4bjec7Fo1bmV4svzKEtXAo,0.00858,0.452,52,0.0468,0.389,0.0798,0.0,1,0.797
Papercuts,Linkin Park,4XyH7K2OWCkpABzPU18B2B,QWERTY,spotify:track:4XyH7K2OWCkpABzPU18B2B,2.59E-4,0.561,"",0.0449,0.461,0.139,2.11E-4,0,0.855
"NASHVILLE, TENNESSEE",ERNEST,0RNSabq5rdLoXc2Gjwjk1f,Would If I Could (feat. Lainey Wilson),spotify:track:0RNSabq5rdLoXc2Gjwjk1f,0.248,0.601,"",0.0255,0.313,0.134,1.33E-4,1,0.475
Eyes Closed,Imagine Dragons,4o120XeV8els1S5bu7mzBX,Eyes Closed,spotify:track:4o120XeV8els1S5bu7mzBX,0.0323,0.622,79,0.114,0.512,0.0732,0.0014,0,0.684
garage sale,BETWEEN FRIENDS,3hwEI79hpaQHY9l8X41PJW,Pleasure delayer,spotify:track:3hwEI79hpaQHY9l8X41PJW,0.496,0.378,"",0.0335,0.423,0.121,0.00522,1,0.5
Strong,Tyler Hubbard,1cBxFOzElresWjq5wL43n3,Night Like That,spotify:track:1cBxFOzElresWjq5wL43n3,1.75E-4,0.628,"",0.0399,0.661,0.159,0.0,1,0.879
Gamma,Gesaffelstein,0jBWDj9eEl0lOAXlhFlX7w,Hysteria,spotify:track:0jBWDj9eEl0lOAXlhFlX7w,0.151,0.404,49,0.0789,0.426,0.173,0.0572,1,0.987
COWBOY CARTER,Beyoncé,5mUlozUYpdmXVPkj4BW8cA,TYRANT,spotify:track:5mUlozUYpdmXVPkj4BW8cA,0.083,0.751,81,0.183,0.813,0.585,0.0,1,0.648
Stuck,Scene Queen,30OKBS1cvHDn59G9ys2wUe,MILF,spotify:track:30OKBS1cvHDn59G9ys2wUe,0.0218,0.655,8,0.0333,0.499,0.175,0.0139,1,0.626
Only God Was Above Us,Vampire Weekend,0tPOlAEXHaXXIJGNR9Ljiy,The Surfer,spotify:track:0tPOlAEXHaXXIJGNR9Ljiy,0.198,0.545,62,0.0319,0.366,0.0879,0.619,1,0.52
Older,Lizzy McAlpine,6rEcXviYlZCEx01m1z7qZv,Come Down Soon,spotify:track:6rEcXviYlZCEx01m1z7qZv,0.607,0.596,65,0.0335,0.322,0.148,3.85E-5,0,0.426
Older,Lizzy McAlpine,46kXlOq68HXFrhkxGV6qtI,All Falls Down,spotify:track:46kXlOq68HXFrhkxGV6qtI,0.41,0.691,64,0.0365,0.646,0.0942,8.45E-4,1,0.583
Ehhthang Ehhthang,GloRilla,7mOC6phfrfz3jfigg1aGsE,Wanna Be (with Megan Thee Stallion),spotify:track:7mOC6phfrfz3jfigg1aGsE,0.0222,0.918,73,0.355,0.37,0.135,0.0,1,0.616
Mood Swings,Marcus King,7IQy2DermNpst7GLwFFYl7,Soul It Screams,spotify:track:7IQy2DermNpst7GLwFFYl7,0.534,0.633,45,0.049,0.447,0.173,1.36E-6,0,0.362
Strong,Tyler Hubbard,4AButWKnWkGXovvPb3spi9,Vegas,spotify:track:4AButWKnWkGXovvPb3spi9,0.0197,0.603,"",0.0584,0.531,0.124,0.0,0,0.831
Scarlet 2 CLAUDE,Doja Cat,6qtDgMQIKALZDzhyezjuk0,Gun,spotify:track:6qtDgMQIKALZDzhyezjuk0,0.0695,0.885,55,0.238,0.805,0.0993,2.35E-4,0,0.576
Strong,Tyler Hubbard,119cU5gffLzRlsEGSshPNQ,Park,spotify:track:119cU5gffLzRlsEGSshPNQ,0.00216,0.602,"",0.0409,0.609,0.18,0.0,1,0.89
Might Delete Later,J. Cole,2w5BtuWXISpB6NM4xPoeiR,"Pricey (feat. Ari Lennox, Young Dro & Gucci Mane)",spotify:track:2w5BtuWXISpB6NM4xPoeiR,0.158,0.657,79,0.344,0.31,0.715,0.0,1,0.718
dos,Camilo,5CczQPzgCKm8pmQ7ztRWUS,En Tus Sueños o En Los Míos,spotify:track:5CczQPzgCKm8pmQ7ztRWUS,0.71,0.66,57,0.0386,0.964,0.0703,0.0,1,0.469
Bryson Tiller,Bryson Tiller,49zOWtA3OAMtUDI1V1CIwe,ÆON L U S T,spotify:track:49zOWtA3OAMtUDI1V1CIwe,0.0109,0.699,61,0.157,0.252,0.0891,0.0,1,0.651
Found Heaven,Conan Gray,1sTUyx1NWS3eAjnlUF7EXW,The Final Fight,spotify:track:1sTUyx1NWS3eAjnlUF7EXW,0.0181,0.531,65,0.0395,0.327,0.103,0.0,1,0.642
Bryson Tiller,Bryson Tiller,1Sx5FQ2YCfSamun0xtUr9c,Waterfalls,spotify:track:1Sx5FQ2YCfSamun0xtUr9c,0.63,0.642,61,0.525,0.652,0.0639,1.33E-5,1,0.63
Pigeons & Planes presents: See You Next Year 2,Love Spells,0lrz54eenDNd78fSHJfO2y,Dope Sick,spotify:track:0lrz54eenDNd78fSHJfO2y,0.531,0.755,36,0.039,0.442,0.112,0.284,1,0.407
Mood Swings,Marcus King,4cCja4eP2SuiouFLBZy6Ey,Hero,spotify:track:4cCja4eP2SuiouFLBZy6Ey,0.23,0.74,45,0.0394,0.739,0.168,2.73E-5,1,0.602
USB,Fred again..,2sMzNgi3wblmxw8ez4GN9G,Baby again..,spotify:track:2sMzNgi3wblmxw8ez4GN9G,0.00355,0.847,54,0.047,0.326,0.0731,0.00339,1,0.724
Scarlet 2 CLAUDE,Doja Cat,5hiWyJgucAjs7Zo6XWMuN5,Skull And Bones,spotify:track:5hiWyJgucAjs7Zo6XWMuN5,0.106,0.632,52,0.0987,0.501,0.143,5.09E-5,0,0.706
Gamma,Gesaffelstein,7bEXrM25AzYRw066UIeMsn,Your Share Of The Night,spotify:track:7bEXrM25AzYRw066UIeMsn,0.0541,0.661,50,0.0323,0.965,0.0592,0.915,1,0.858
genre : sadboy,mgk,5CI0SmPVueBB9VpDEcF8wY,summer's gone,spotify:track:5CI0SmPVueBB9VpDEcF8wY,0.942,0.285,66,0.0414,0.311,0.118,1.75E-6,0,0.48
COWBOY CARTER,Beyoncé,0hWCzWl04zT7P6vMy63XCN,DAUGHTER,spotify:track:0hWCzWl04zT7P6vMy63XCN,0.789,0.374,83,0.0364,0.386,0.118,0.0,0,0.448
Silence Is Loud,Nia Archives,1ygHZpILmwL7EaByT1SVAO,Out Of Options,spotify:track:1ygHZpILmwL7EaByT1SVAO,0.00544,0.535,"",0.0377,0.114,0.189,0.159,1,0.773
Silence Is Loud,Nia Archives,4X1baCCS3Po0cKiIxyH2K7,Killjoy !,spotify:track:4X1baCCS3Po0cKiIxyH2K7,0.0354,0.501,"",0.0899,0.196,0.191,0.486,1,0.75
The 502s,The 502s,4Q0ufr5DaYlotg3jFxpaj0,Perfect Portrait of Young Love,spotify:track:4Q0ufr5DaYlotg3jFxpaj0,0.0277,0.612,"",0.0368,0.776,0.138,8.24E-5,1,0.924
Ohio Players,The Black Keys,7aQx06Jx3iA9pRdixCUADJ,This Is Nowhere,spotify:track:7aQx06Jx3iA9pRdixCUADJ,0.00146,0.596,61,0.0263,0.548,0.151,1.44E-4,1,0.831
Club classics / B2b,Charli XCX,7BoOmRrtNCbIT9yQ4xidk5,Club classics,spotify:track:7BoOmRrtNCbIT9yQ4xidk5,0.125,0.704,70,0.191,0.712,0.167,4.4E-5,1,0.868
Way Out Here,Riley Green,1q1FoLWLZXdKmJfIBlYMKl,Pick A Place,spotify:track:1q1FoLWLZXdKmJfIBlYMKl,0.709,0.644,"",0.0335,0.57,0.0903,9.69E-4,1,0.361
Next Semester,Twenty One Pilots,4PCD9jZRM2VswisaTBhc25,Next Semester,spotify:track:4PCD9jZRM2VswisaTBhc25,0.0225,0.234,78,0.135,0.127,0.11,1.7E-5,1,0.823
Papercuts,Linkin Park,18llzBTyyebt777IfSqoqA,Papercut,spotify:track:18llzBTyyebt777IfSqoqA,7.59E-5,0.51,"",0.102,0.711,0.641,0.0,1,0.879
Pigeons & Planes presents: See You Next Year 2,See You Next Year,1j1wx1r61hiuof5unfE08E,Gap Tooth,spotify:track:1j1wx1r61hiuof5unfE08E,0.392,0.519,32,0.0469,0.52,0.152,0.0148,1,0.593
11:11 (Deluxe),Chris Brown,7zqY5X6cDh8h1rJEdBykhv,Sweet Lullaby,spotify:track:7zqY5X6cDh8h1rJEdBykhv,0.0376,0.55,29,0.0413,0.361,0.106,3.32E-5,0,0.51
un mechón de pelo,TINI,29T9nUwWSdlipEnNgmcVFF,miedo,spotify:track:29T9nUwWSdlipEnNgmcVFF,0.496,0.209,"",0.0815,0.084,0.3,0.0,0,0.52
I Forgive You,Sia,5ytXEc1V6ZdSpFNsg81X8O,I Forgive You,spotify:track:5ytXEc1V6ZdSpFNsg81X8O,0.556,0.215,"",0.0394,0.0712,0.105,0.0,0,0.383
"NASHVILLE, TENNESSEE",ERNEST,3fDDBJU3EIDS9J7Ikiysa6,Bars On My Heart,spotify:track:3fDDBJU3EIDS9J7Ikiysa6,0.128,0.498,"",0.026,0.351,0.0974,2.86E-6,1,0.566
"NASHVILLE, TENNESSEE",ERNEST,5zCssJnwzzNhpwgmr0puEp,Redneck Sh*ttt,spotify:track:5zCssJnwzzNhpwgmr0puEp,0.0081,0.644,"",0.0418,0.71,0.114,6.13E-6,0,0.848
att.,Young Miko,0hov8wwPTkbfw50h3V7x92,curita,spotify:track:0hov8wwPTkbfw50h3V7x92,0.109,0.808,63,0.0358,0.632,0.53,0.0,0,0.784
Creatures In Heaven,Glass Animals,1e7EdcxkUPFZWfuY4VI3rh,Creatures in Heaven,spotify:track:1e7EdcxkUPFZWfuY4VI3rh,0.478,0.508,73,0.0599,0.409,0.289,0.0,1,0.685
I Don't Wanna Wait,David Guetta,5inQmzgChEgxO03LjYloQM,I Don't Wanna Wait - Extended,spotify:track:5inQmzgChEgxO03LjYloQM,0.00158,0.859,61,0.0515,0.573,0.0748,0.0,0,0.328
Townie,X Ambassadors,4XE4Qu9M9QK74wI05Nb5C0,Start a Band,spotify:track:4XE4Qu9M9QK74wI05Nb5C0,0.399,0.489,40,0.0334,0.253,0.076,0.0,1,0.516
Fireworks & Rollerblades,Benson Boone,1j2iMeSWdsEP5ITCrZqbIL,Be Someone,spotify:track:1j2iMeSWdsEP5ITCrZqbIL,0.00819,0.68,70,0.0427,0.608,0.0754,0.0,1,0.82
Lejos de Ti,The Marías,4ZKpTM2wfcj4Mg3vRHH66m,Lejos de Ti,spotify:track:4ZKpTM2wfcj4Mg3vRHH66m,0.88,0.549,62,0.029,0.432,0.12,0.656,1,0.473
A LA SALA,Khruangbin,1k9NCfhr7kBZThlVSdXJFa,Ada Jean,spotify:track:1k9NCfhr7kBZThlVSdXJFa,0.019,0.508,62,0.026,0.527,0.677,0.838,0,0.495
Skin to Skin,Amira Elfeky,7kl407h3NUrKVv2gAUHAcR,Coming Down,spotify:track:7kl407h3NUrKVv2gAUHAcR,6.02E-4,0.432,39,0.0405,0.174,0.131,0.00212,1,0.734
11:11 (Deluxe),Chris Brown,5ygeg1X2dnjqJEPL7oTgUI,Messed Up,spotify:track:5ygeg1X2dnjqJEPL7oTgUI,0.0319,0.624,20,0.0445,0.256,0.111,0.0,1,0.554
Sweet Boy,Malcolm Todd,5vPUv0xziXbV4lnWeVNXNq,Roommates,spotify:track:5vPUv0xziXbV4lnWeVNXNq,0.619,0.755,51,0.0311,0.437,0.114,1.34E-6,0,0.292
Don't Forget Me,Maggie Rogers,5n2G96C5E69C2ciGwZkoFZ,All The Same,spotify:track:5n2G96C5E69C2ciGwZkoFZ,0.864,0.503,"",0.036,0.0984,0.111,5.61E-4,1,0.221
The 502s,The 502s,0PL2YNyA1zBHP1clfnXkmI,Something's Gonna Go Our Way,spotify:track:0PL2YNyA1zBHP1clfnXkmI,0.253,0.616,"",0.0414,0.755,0.137,3.02E-6,1,0.879
GOD IS GOOD,Forrest Frank,2gmqnkY0jrfz3vnO4FVS4p,GOD IS GOOD,spotify:track:2gmqnkY0jrfz3vnO4FVS4p,0.00447,0.629,"",0.103,0.319,0.319,2.09E-4,0,0.712
Ohio Players,The Black Keys,1jQYT0KG0RIa2sDNzaeeHi,Fever Tree,spotify:track:1jQYT0KG0RIa2sDNzaeeHi,0.0196,0.31,56,0.039,0.238,0.146,0.0,1,0.781
Endiamantado / Entre las de 20,Bizarrap,73jUrU4QX6Xt2xQgyqttb4,"Natanael Cano: Bzrp Music Sessions, Vol. 59",spotify:track:73jUrU4QX6Xt2xQgyqttb4,0.276,0.533,80,0.242,0.759,0.0955,0.0,0,0.698
FINAL (Vol.2),Enrique Iglesias,33ggWc1Nai6fcNb2qM4lJ7,ASI ES LA VIDA,spotify:track:33ggWc1Nai6fcNb2qM4lJ7,0.685,0.823,64,0.0561,0.962,0.108,1.65E-6,0,0.882
L o s e M y M i n d,PARTYNEXTDOOR,045HA3O9DH9S6AY8pu7BZv,R e s e n t m e n t,spotify:track:045HA3O9DH9S6AY8pu7BZv,0.616,0.572,32,0.0398,0.333,0.121,0.0238,1,0.228
Scarlet 2 CLAUDE,Doja Cat,2Ke8xquzK9JyPt6OPGBVTI,ACKNOWLEDGE ME,spotify:track:2Ke8xquzK9JyPt6OPGBVTI,0.382,0.484,67,0.0665,0.375,0.297,0.0,0,0.675
"NASHVILLE, TENNESSEE",ERNEST,5PvXlgNpBlymLeIlBQmvXq,If You Don't Know By Now,spotify:track:5PvXlgNpBlymLeIlBQmvXq,0.689,0.542,"",0.0254,0.232,0.144,0.0303,1,0.415
Only God Was Above Us,Vampire Weekend,1vfG5VaQQzr7x7gCbVyQFF,Pravda,spotify:track:1vfG5VaQQzr7x7gCbVyQFF,0.455,0.592,61,0.0321,0.37,0.304,0.178,1,0.502
Papercuts,Linkin Park,5HF9UMFDYEmVDpJoDbXxcA,One Step Closer,spotify:track:5HF9UMFDYEmVDpJoDbXxcA,0.00548,0.468,"",0.0528,0.396,0.123,5.88E-6,1,0.976
EAT THE BASS,John Summit,1ViErUfDfWkXPXTsjj3kyh,EAT THE BASS,spotify:track:1ViErUfDfWkXPXTsjj3kyh,0.00226,0.684,46,0.0483,0.408,0.119,0.00929,1,0.785
Fireworks & Rollerblades,Benson Boone,3h76tbaYIamSeJL81X7ZwI,Cry,spotify:track:3h76tbaYIamSeJL81X7ZwI,0.104,0.711,78,0.0365,0.352,0.0894,1.55E-5,1,0.48
Found Heaven,Conan Gray,056bKm6W5j9QodOftRznUV,Bourgeoisieses,spotify:track:056bKm6W5j9QodOftRznUV,0.0242,0.607,69,0.0326,0.721,0.0517,0.0,0,0.654
All I Ever Want Is Everything,Blu DeTiger,2H0z5zSoh6qgYbyqWCoO40,I’ll Never Tell,spotify:track:2H0z5zSoh6qgYbyqWCoO40,0.476,0.716,34,0.04,0.672,0.523,4.84E-5,1,0.622
Alter Ego (with JT),Doechii,2xaaJcmvMOmpDbTwlWnjFh,Alter Ego (with JT),spotify:track:2xaaJcmvMOmpDbTwlWnjFh,0.00877,0.843,69,0.0645,0.673,0.529,3.0E-6,1,0.72
A LA SALA,Khruangbin,5yVGW2o9LXaiiS4I3HUM3k,May Ninth,spotify:track:5yVGW2o9LXaiiS4I3HUM3k,0.353,0.609,64,0.0364,0.531,0.138,0.855,0,0.356
Charged Up,Tink,4HN6CicOpFp1nrkxHFM3Gt,Charged Up,spotify:track:4HN6CicOpFp1nrkxHFM3Gt,0.658,0.518,38,0.175,0.489,0.196,0.0,0,0.592
un mechón de pelo,TINI,60Mgo3LnlAMy7TzhvVZUHA,posta,spotify:track:60Mgo3LnlAMy7TzhvVZUHA,0.292,0.733,"",0.109,0.374,0.0972,0.0,0,0.56
Scarlet 2 CLAUDE,Doja Cat,79tpPm2X79vIL3Iuk6vRZz,Wet Vagina,spotify:track:79tpPm2X79vIL3Iuk6vRZz,0.0207,0.804,57,0.0896,0.192,0.107,1.86E-5,0,0.656
You Promised A Lifetime,Myles Smith,3nsVmer6MSwhmau3I1nRzI,River,spotify:track:3nsVmer6MSwhmau3I1nRzI,0.38,0.764,48,0.0293,0.768,0.14,0.0,0,0.502
Strong,Tyler Hubbard,4UdvVA89evbBrj6hnDa5oM,Wish You Would,spotify:track:4UdvVA89evbBrj6hnDa5oM,0.00768,0.548,"",0.0482,0.622,0.182,0.0,1,0.912
un mechón de pelo,TINI,7iqWxH5QBMBKOPV8PzU482,bien,spotify:track:7iqWxH5QBMBKOPV8PzU482,0.0703,0.597,"",0.178,0.708,0.048,0.0,1,0.722
11:11 (Deluxe),Chris Brown,5naxnY7TcgX1pSSvQ725JP,Red Flags,spotify:track:5naxnY7TcgX1pSSvQ725JP,0.0939,0.702,18,0.0597,0.476,0.131,0.0,0,0.539
Sweet Boy,Malcolm Todd,5l6Jiee2LliSKnmietqO0e,Rockstar Boyfriend,spotify:track:5l6Jiee2LliSKnmietqO0e,0.344,0.571,41,0.194,0.701,0.119,0.579,1,0.541
Don't Forget Me,Maggie Rogers,5tlXwZ4m7dbRZyG4natJZ1,Don't Forget Me,spotify:track:5tlXwZ4m7dbRZyG4natJZ1,0.357,0.493,"",0.0445,0.451,0.132,0.0,1,0.55
Pandora,Wisp,3SBhQh5X7tO8ejCMUdjSRu,Pandora,spotify:track:3SBhQh5X7tO8ejCMUdjSRu,8.96E-5,0.209,56,0.0486,0.108,0.263,0.888,1,0.823
Sweet Boy,Malcolm Todd,4RhEjZ6bRhEMNvTWVNlato,Pillow,spotify:track:4RhEjZ6bRhEMNvTWVNlato,0.875,0.511,39,0.0331,0.379,0.102,1.57E-5,1,0.424
Older,Lizzy McAlpine,61k8ZA1BqCYXOrevJtzuH8,The Elevator,spotify:track:61k8ZA1BqCYXOrevJtzuH8,0.958,0.409,66,0.0272,0.281,0.12,2.88E-4,1,0.184
I'M DOING IT AGAIN BABY!,girl in red,2X05EASOuBv6aRQRJoGI1i,Phantom Pain,spotify:track:2X05EASOuBv6aRQRJoGI1i,0.0471,0.358,"",0.0961,0.282,0.29,3.85E-6,1,0.832
FINAL (Vol.2),Enrique Iglesias,140VTZ2BNpnR5sLbSpw5Dh,Space in My Heart,spotify:track:140VTZ2BNpnR5sLbSpw5Dh,0.296,0.599,50,0.0248,0.202,0.0975,7.13E-6,1,0.488
Found Heaven,Conan Gray,5468fNbvpCnangJjmnc5V0,Never Ending Song,spotify:track:5468fNbvpCnangJjmnc5V0,0.00666,0.577,65,0.0329,0.555,0.319,2.63E-5,1,0.803
Through the Smoke,Nate Smith,6rVuwfysYo1Bp4Hoc4YuE0,Bulletproof,spotify:track:6rVuwfysYo1Bp4Hoc4YuE0,0.0361,0.444,54,0.0394,0.519,0.114,0.0,1,0.727
FINAL (Vol.2),Enrique Iglesias,5kQzvJSDOMMbyoW2YaIiLU,Como Yo,spotify:track:5kQzvJSDOMMbyoW2YaIiLU,0.0119,0.668,49,0.0429,0.427,0.32,6.93E-6,0,0.794
Papercuts,Linkin Park,1wZox7b6jsQUaroJBnfk26,What I've Done,spotify:track:1wZox7b6jsQUaroJBnfk26,0.0135,0.625,"",0.0313,0.305,0.16,0.0,1,0.917
Mood Swings,Marcus King,3j3AQiQEe24de1EcYqVxc3,Mood Swings,spotify:track:3j3AQiQEe24de1EcYqVxc3,0.504,0.375,47,0.445,0.47,0.668,0.00625,1,0.747
Strong,Tyler Hubbard,0I8VFYuKIRFmtv5DPgTjqP,BNA,spotify:track:0I8VFYuKIRFmtv5DPgTjqP,0.00774,0.714,"",0.0531,0.943,0.0779,4.64E-6,1,0.937
Country,Medium Build,3WghcqikIY7SYGoSCxjuGK,Can’t Be Cool Forever,spotify:track:3WghcqikIY7SYGoSCxjuGK,0.668,0.513,42,0.269,0.777,0.0737,0.0,1,0.626
Bad For Me,Chayce Beckham,5NU6kBZORKaoqS09mOqgXs,23,spotify:track:5NU6kBZORKaoqS09mOqgXs,0.278,0.628,63,0.0327,0.38,0.142,0.0,0,0.584
Silence Is Loud,Nia Archives,4k0dvc4bKxVCupuk0UOVVV,F.A.M.I.L.Y,spotify:track:4k0dvc4bKxVCupuk0UOVVV,0.0977,0.625,"",0.0533,0.141,0.105,0.455,1,0.861
Don't Forget Me,Maggie Rogers,5UNaXVDqe7AJ8Fxn0sxnsS,On & On & On,spotify:track:5UNaXVDqe7AJ8Fxn0sxnsS,0.131,0.624,"",0.0368,0.824,0.17,0.0,1,0.828
The 502s,The 502s,1vh5qHnr021ntNbQ3Cq7NR,If Good Times Were Dollars,spotify:track:1vh5qHnr021ntNbQ3Cq7NR,0.0199,0.658,"",0.0555,0.776,0.147,1.04E-4,1,0.798
Don't Forget Me,Maggie Rogers,1cDQku650Uev3TnRGdlbE5,Never Going Home,spotify:track:1cDQku650Uev3TnRGdlbE5,0.07,0.64,"",0.0325,0.54,0.0965,0.0,1,0.756
11:11 (Deluxe),Chris Brown,4FXL19CnaMVS1HzRFl1BzS,"Freak (feat. Lil Wayne, Joyner Lucas & Tee Grizzley)",spotify:track:4FXL19CnaMVS1HzRFl1BzS,0.00795,0.797,33,0.289,0.42,0.13,0.0,1,0.643
Townie,X Ambassadors,2L6bK5oWN9QH8WY2ziRSM6,Your Town,spotify:track:2L6bK5oWN9QH8WY2ziRSM6,0.546,0.487,43,0.0616,0.248,0.28,7.47E-6,1,0.32
L o s e M y M i n d,PARTYNEXTDOOR,5W3chbCpb4D26ugjRHQW28,H e r O l d F r i e n d s,spotify:track:5W3chbCpb4D26ugjRHQW28,0.353,0.645,32,0.0568,0.0749,0.123,0.0,0,0.569
Mood Swings,Marcus King,3kradCzPXgyS4BuZGgrGuH,Me Or Tennessee,spotify:track:3kradCzPXgyS4BuZGgrGuH,0.518,0.501,42,0.252,0.555,0.643,2.15E-4,1,0.819
Illusion,Dua Lipa,59QO0lJJgJdHt36rfBdKoG,Illusion - Extended,spotify:track:59QO0lJJgJdHt36rfBdKoG,0.0765,0.692,"",0.0407,0.416,0.0985,1.59E-4,1,0.767
Ehhthang Ehhthang,GloRilla,7ubbOAVhD9wGmacOPt8pno,GMFU - Pt. 2,spotify:track:7ubbOAVhD9wGmacOPt8pno,0.0148,0.784,59,0.354,0.437,0.119,0.0,0,0.671
"NASHVILLE, TENNESSEE",ERNEST,1rG1Z56THOsA2lG3lGDqzm,Did It For The Story,spotify:track:1rG1Z56THOsA2lG3lGDqzm,0.0205,0.606,"",0.0282,0.546,0.414,9.54E-5,1,0.804
COWBOY CARTER,Beyoncé,2dklP2sRuvcJROlrM8F7Dp,DESERT EAGLE,spotify:track:2dklP2sRuvcJROlrM8F7Dp,0.645,0.691,79,0.0539,0.662,0.328,1.61E-6,1,0.489
Bad For Me,Chayce Beckham,0dZSiJXOSzOG5KBwGfYYnG,Glitter,spotify:track:0dZSiJXOSzOG5KBwGfYYnG,0.33,0.484,39,0.0256,0.323,0.166,0.0,1,0.422
GOD IS GOOD,Forrest Frank,2zaTtGvvV9oqGu3zVm7FDo,ALWAYS,spotify:track:2zaTtGvvV9oqGu3zVm7FDo,0.234,0.85,"",0.0412,0.929,0.468,0.0,0,0.804
Only God Was Above Us,Vampire Weekend,19aa6Goj4OAsZUX8hSt6nW,Ice Cream Piano,spotify:track:19aa6Goj4OAsZUX8hSt6nW,0.115,0.259,65,0.0602,0.252,0.566,0.0,1,0.71
Flea,St. Vincent,28LRSVfLH4wJN8MRsoyr8z,Flea,spotify:track:28LRSVfLH4wJN8MRsoyr8z,0.038,0.483,57,0.0453,0.386,0.35,0.137,1,0.764
b i g f e e l i n g s,WILLOW,0Xfkeu82ju4uni0CH2z9XN,b i g f e e l i n g s,spotify:track:0Xfkeu82ju4uni0CH2z9XN,0.0907,0.662,"",0.0459,0.5,0.315,1.93E-6,1,0.848
FINAL (Vol.2),Enrique Iglesias,6xqUS04bCAYzUF0ralMUgc,Fría,spotify:track:6xqUS04bCAYzUF0ralMUgc,0.144,0.864,55,0.134,0.898,0.157,0.0,1,0.846
Scarlet 2 CLAUDE,Doja Cat,6FQwvwIWIllK01j0Hj6BBS,Love Life,spotify:track:6FQwvwIWIllK01j0Hj6BBS,0.616,0.597,52,0.343,0.649,0.121,0.00299,1,0.622
Strong,Tyler Hubbard,1Ut6MtLigpAO06geZfprr9,'73 Beetle,spotify:track:1Ut6MtLigpAO06geZfprr9,0.133,0.412,"",0.0789,0.369,0.102,0.0,1,0.748
Scarlet 2 CLAUDE,Doja Cat,7erff58xm2H5PNy1238M8A,Demons,spotify:track:7erff58xm2H5PNy1238M8A,1.56E-4,0.831,58,0.229,0.313,0.168,0.0162,1,0.362
"NASHVILLE, TENNESSEE",ERNEST,3C92hGvUP8Qke9xgy0tGOG,One More Heartache,spotify:track:3C92hGvUP8Qke9xgy0tGOG,0.373,0.473,"",0.0281,0.871,0.166,3.97E-6,1,0.756
Country,Medium Build,44TAhB3U27g8OMeHTMC9jQ,Knowing U Exist,spotify:track:44TAhB3U27g8OMeHTMC9jQ,0.897,0.462,43,0.0322,0.571,0.107,0.255,1,0.234
All I Ever Want Is Everything,Blu DeTiger,3YqS0F3Mf9LP9Yi7WpLxTF,Overdrive,spotify:track:3YqS0F3Mf9LP9Yi7WpLxTF,0.00956,0.722,31,0.0339,0.919,0.37,0.139,1,0.846
Ehhthang Ehhthang,GloRilla,5A8xI7PN4WDe9e61xEdt94,Yeah Glo!,spotify:track:5A8xI7PN4WDe9e61xEdt94,0.0185,0.901,66,0.324,0.179,0.137,0.0,0,0.652
All I Ever Want Is Everything,Blu DeTiger,6kJO2cwqudWES9ufMx312O,Kiss,spotify:track:6kJO2cwqudWES9ufMx312O,0.0508,0.756,34,0.036,0.973,0.287,0.00135,1,0.778
The 502s,The 502s,3R6vwFVhPUw32zenbIIpOh,Sweet Enough,spotify:track:3R6vwFVhPUw32zenbIIpOh,0.19,0.548,"",0.0506,0.636,0.694,0.0,0,0.781
Bryson Tiller,Bryson Tiller,49v5ttae4SvGE6XqfP7PY4,Persuasion (feat. Victoria Monét),spotify:track:49v5ttae4SvGE6XqfP7PY4,0.401,0.61,66,0.2,0.585,0.0744,0.0,0,0.647
Older,Lizzy McAlpine,059gVW493dUeBHkn0gE1zm,Older,spotify:track:059gVW493dUeBHkn0gE1zm,0.908,0.391,62,0.0355,0.189,0.118,0.0,1,0.167
Papercuts,Linkin Park,1mKyflGc9bjhRdjKiawuMm,Bleed It Out,spotify:track:1mKyflGc9bjhRdjKiawuMm,0.0948,0.515,"",0.053,0.596,0.599,0.0,1,0.957
Fireworks & Rollerblades,Benson Boone,3OJIdGOHEzxY8V0CNCBBXc,Drunk In My Mind,spotify:track:3OJIdGOHEzxY8V0CNCBBXc,0.565,0.444,68,0.0856,0.383,0.107,0.0,1,0.526
Bryson Tiller,Bryson Tiller,1RPgxA6SbIQI6JYiZUhrzj,http://,spotify:track:1RPgxA6SbIQI6JYiZUhrzj,0.995,0.305,64,0.0536,0.513,0.105,0.81,0,0.217
genre : sadboy,mgk,4nE0WZRoRiSRDVNA8JgRi3,hiding in the hills,spotify:track:4nE0WZRoRiSRDVNA8JgRi3,0.318,0.722,68,0.0632,0.157,0.102,1.45E-6,1,0.581
Found Heaven,Conan Gray,2TjBKnjnOXFaF2zy4W4hfE,Killing Me,spotify:track:2TjBKnjnOXFaF2zy4W4hfE,0.0236,0.658,63,0.0414,0.707,0.489,0.0,0,0.671
Strong,Tyler Hubbard,77Yj5e4GhLYE5NCvtU1UuS,A Lot With A Little,spotify:track:77Yj5e4GhLYE5NCvtU1UuS,0.00171,0.426,"",0.0635,0.427,0.378,0.0,1,0.91
All I Ever Want Is Everything,Blu DeTiger,46mz5y5CLLM1zWa76gwoUh,Imposter Syndrome,spotify:track:46mz5y5CLLM1zWa76gwoUh,0.949,0.512,31,0.0337,0.351,0.0972,2.82E-4,1,0.148
Ehhthang Ehhthang,GloRilla,6yJbMJVWxeW9oWLM15KLGN,Aite (feat. Kevo Muney),spotify:track:6yJbMJVWxeW9oWLM15KLGN,0.0335,0.805,60,0.278,0.384,0.216,0.0,1,0.736
Scarlet 2 CLAUDE,Doja Cat,5chLYJV2XFnrKY5v7uVjra,Agora Hills,spotify:track:5chLYJV2XFnrKY5v7uVjra,0.228,0.75,55,0.097,0.392,0.122,8.91E-5,0,0.674
Ohio Players,The Black Keys,6oY3tlZD6KcO05knDAsZYu,Please Me (Till I’m Satisfied),spotify:track:6oY3tlZD6KcO05knDAsZYu,0.00379,0.48,58,0.138,0.572,0.279,4.75E-5,1,0.957
Way Out Here,Riley Green,0fVtwWhTp2ctRs3P5p8ADQ,Atlantic City,spotify:track:0fVtwWhTp2ctRs3P5p8ADQ,0.023,0.622,"",0.0246,0.447,0.129,5.13E-6,1,0.659
Where The Joy Is,We Are Messengers,6xxM98fP8vECSlDaBh0KUk,I Found Rest,spotify:track:6xxM98fP8vECSlDaBh0KUk,0.0222,0.603,32,0.0365,0.178,0.0985,9.31E-6,0,0.723
1+1=11,Peggy Gou,2HMas4DrtQoPebT1VL52Dr,1+1=11 - Edit,spotify:track:2HMas4DrtQoPebT1VL52Dr,0.00964,0.55,62,0.0318,0.604,0.159,0.893,1,0.926
11:11 (Deluxe),Chris Brown,3XokDgHUxyKwNf1C19XiDj,Feelings Don't Lie,spotify:track:3XokDgHUxyKwNf1C19XiDj,0.0685,0.61,18,0.18,0.675,0.136,0.0,1,0.596
Gamma,Gesaffelstein,5VK6TzBjUBZj4Bmg3kUiaH,Hard Dreams,spotify:track:5VK6TzBjUBZj4Bmg3kUiaH,2.04E-4,0.641,51,0.0495,0.398,0.311,0.0204,1,0.744
Cherry On Top,Ben Platt,0DF8wVT2XN8ICnUvfIF5Ld,Andrew,spotify:track:0DF8wVT2XN8ICnUvfIF5Ld,0.451,0.315,9,0.0292,0.436,0.182,0.0,1,0.367
11:11 (Deluxe),Chris Brown,4i1wik8DtU7eqSEWRsTHuP,Delusional,spotify:track:4i1wik8DtU7eqSEWRsTHuP,0.173,0.625,34,0.0537,0.562,0.359,0.0,0,0.682
Feel It (From The Original Series “Invincible”),d4vd,3SAga35lAPYdjj3qyfEsCF,Feel It - From The Original Series “Invincible”,spotify:track:3SAga35lAPYdjj3qyfEsCF,0.0357,0.622,80,0.0689,0.492,0.221,0.0,1,0.597
favorite,Isabel LaRosa,2ftQtHb1MnRWFQj6R0GP11,favorite sped up - english,spotify:track:2ftQtHb1MnRWFQj6R0GP11,0.00656,0.801,60,0.171,0.479,0.0851,0.116,1,0.54
Townie,X Ambassadors,2mhlxHaCGmSKNooRLmeJyk,Half-Life,spotify:track:2mhlxHaCGmSKNooRLmeJyk,0.149,0.288,45,0.0364,0.124,0.0752,0.0,1,0.305
USB,Fred again..,397GpgLAJnwQDBwIJ8ko1t,ItsNotREEAALLLLLLLL,spotify:track:397GpgLAJnwQDBwIJ8ko1t,0.282,0.768,60,0.0669,0.0446,0.0991,0.785,0,0.729
11:11 (Deluxe),Chris Brown,4JQIGTLXz4oULctglUDpw6,Sensational (feat. Davido & Lojay),spotify:track:4JQIGTLXz4oULctglUDpw6,0.101,0.774,24,0.126,0.797,0.117,0.0,1,0.609
USB,Fred again..,1nzOUWyHoZLzf9EX0pnFPn,leavemealone,spotify:track:1nzOUWyHoZLzf9EX0pnFPn,0.00499,0.68,55,0.0553,0.105,0.574,0.0253,1,0.881
"NASHVILLE, TENNESSEE",ERNEST,5npAWsZnJysJgz2yFJy40e,Why Dallas (feat. Lukas Nelson),spotify:track:5npAWsZnJysJgz2yFJy40e,0.19,0.472,"",0.0596,0.656,0.351,0.0,0,0.767
You Promised A Lifetime,Myles Smith,0zcCGdrTZqUVfWOOgPYLLB,Solo,spotify:track:0zcCGdrTZqUVfWOOgPYLLB,0.715,0.586,53,0.0346,0.365,0.117,0.0,1,0.439
COWBOY CARTER,Beyoncé,5UcUppRaEIBMIHXiUFl7LI,SPAGHETTII,spotify:track:5UcUppRaEIBMIHXiUFl7LI,0.476,0.504,83,0.428,0.333,0.0996,0.0,1,0.624
Pandora,Wisp,5TMGf0iNjOVLOgBf9vgq2O,See you soon,spotify:track:5TMGf0iNjOVLOgBf9vgq2O,0.0136,0.437,43,0.0583,0.224,0.132,0.86,0,0.846
